Keyword,Ad Group,Avg Monthly Searches,Competition,Top of Page Bid Low (USD),Top of Page Bid High (USD)
blender price in ghana,Blenders,,,,
commercial blender price ghana,Blenders,,,,
2 litre blender ghana,Blenders,,,,
buy blender in accra,Blenders,,,,
blender for sale accra,Blenders,,,,
blender price accra,Blenders,,,,
commercial blender for sale ghana,Blenders,,,,
blender to buy ghana,Blenders,,,,
where to buy blender in accra,Blenders,,,,
2l commercial blender ghana,Blenders,,,,
electric kettle price in ghana,Electric Kettles,,,,
buy electric kettle accra,Electric Kettles,,,,
stainless steel kettle ghana,Electric Kettles,,,,
electric kettle price accra,Electric Kettles,,,,
electric kettle for sale ghana,Electric Kettles,,,,
2l electric kettle ghana,Electric Kettles,,,,
where to buy electric kettle accra,Electric Kettles,,,,
microwave oven price in ghana,Microwaves,,,,
buy microwave in accra,Microwaves,,,,
20 litre microwave ghana,Microwaves,,,,
microwave price accra,Microwaves,,,,
microwave oven for sale ghana,Microwaves,,,,
microwave to buy in accra,Microwaves,,,,
rice cooker price in ghana,Rice Cookers,,,,
buy rice cooker accra,Rice Cookers,,,,
electric rice cooker ghana,Rice Cookers,,,,
rice cooker price accra,Rice Cookers,,,,
rice cooker for sale ghana,Rice Cookers,,,,
rice cooker to buy accra,Rice Cookers,,,,
electric hot plate price in ghana,Hot Plates,,,,
buy hot plate accra,Hot Plates,,,,
double burner hot plate ghana,Hot Plates,,,,
hot plate price accra,Hot Plates,,,,
electric cooker hot plate ghana,Hot Plates,,,,
hot plate for sale accra,Hot Plates,,,,
power bank price in ghana,Power Banks,,,,
buy power bank accra,Power Banks,,,,
20000mah power bank ghana,Power Banks,,,,
30000mah power bank ghana,Power Banks,,,,
power bank price accra,Power Banks,,,,
power bank for sale ghana,Power Banks,,,,
fast charging power bank ghana,Power Banks,,,,
where to buy power bank accra,Power Banks,,,,
wireless earbuds price in ghana,Wireless Earbuds,,,,
buy earbuds accra,Wireless Earbuds,,,,
bluetooth earbuds ghana,Wireless Earbuds,,,,
wireless earbuds price accra,Wireless Earbuds,,,,
earbuds for sale ghana,Wireless Earbuds,,,,
bluetooth earbuds to buy accra,Wireless Earbuds,,,,
bluetooth speaker price in ghana,Bluetooth Speakers,,,,
buy bluetooth speaker accra,Bluetooth Speakers,,,,
portable speaker ghana,Bluetooth Speakers,,,,
bluetooth speaker price accra,Bluetooth Speakers,,,,
bluetooth speaker for sale ghana,Bluetooth Speakers,,,,
portable speaker to buy accra,Bluetooth Speakers,,,,
steam iron price in ghana,Pressing Irons,,,,
buy pressing iron accra,Pressing Irons,,,,
electric iron ghana,Pressing Irons,,,,
pressing iron price accra,Pressing Irons,,,,
steam iron for sale ghana,Pressing Irons,,,,
clothes iron to buy accra,Pressing Irons,,,,
rechargeable fan price in ghana,Rechargeable Fans,,,,
buy rechargeable fan accra,Rechargeable Fans,,,,
rechargeable standing fan ghana,Rechargeable Fans,,,,
rechargeable fan price accra,Rechargeable Fans,,,,
rechargeable fan for sale ghana,Rechargeable Fans,,,,
standing fan to buy accra,Rechargeable Fans,,,,
rechargeable lamp price in ghana,Rechargeable Lamps,,,,
buy emergency light accra,Rechargeable Lamps,,,,
rechargeable led light ghana,Rechargeable Lamps,,,,
rechargeable lamp price accra,Rechargeable Lamps,,,,
emergency light for sale ghana,Rechargeable Lamps,,,,
rechargeable light to buy accra,Rechargeable Lamps,,,,
school bag price in ghana,School Bags,,,,
buy school bag accra,School Bags,,,,
school bag set ghana,School Bags,,,,
school bag price accra,School Bags,,,,
school bag set for sale ghana,School Bags,,,,
kids school bag to buy accra,School Bags,,,,
hair clipper price in ghana,Hair Clippers,,,,
buy hair clipper accra,Hair Clippers,,,,
hair trimmer ghana,Hair Clippers,,,,
hair clipper price accra,Hair Clippers,,,,
hair clipper for sale ghana,Hair Clippers,,,,
clipper to buy accra,Hair Clippers,,,,
hair dryer price in ghana,Hair Dryers,,,,
buy hair dryer accra,Hair Dryers,,,,
blow dryer ghana,Hair Dryers,,,,
hair dryer price accra,Hair Dryers,,,,
hair dryer for sale ghana,Hair Dryers,,,,
blow dryer to buy accra,Hair Dryers,,,,
