Campaign,Ad Group,Keyword,Match Type,Max CPC,Final URL
WGH Shop - Search - Appliances,Blenders,blender price in ghana,Exact,0.30,https://shop.websitesgh.com/product-category/kitchen-home/
WGH Shop - Search - Appliances,Blenders,buy blender in ghana,Exact,0.30,https://shop.websitesgh.com/product-category/kitchen-home/
WGH Shop - Search - Appliances,Blenders,blender ghana,Phrase,0.25,https://shop.websitesgh.com/product-category/kitchen-home/
WGH Shop - Search - Appliances,Blenders,blender accra,Phrase,0.25,https://shop.websitesgh.com/product-category/kitchen-home/
WGH Shop - Search - Appliances,Blenders,blender in ghana,Phrase,0.25,https://shop.websitesgh.com/product-category/kitchen-home/
WGH Shop - Search - Appliances,Blenders,blender in accra,Phrase,0.25,https://shop.websitesgh.com/product-category/kitchen-home/
WGH Shop - Search - Appliances,Blenders,buy blender,Phrase,0.25,https://shop.websitesgh.com/product-category/kitchen-home/
WGH Shop - Search - Appliances,Blenders,blender price,Phrase,0.25,https://shop.websitesgh.com/product-category/kitchen-home/
WGH Shop - Search - Appliances,Blenders,blender price in ghana,Phrase,0.25,https://shop.websitesgh.com/product-category/kitchen-home/
WGH Shop - Search - Appliances,Blenders,blender for sale,Phrase,0.25,https://shop.websitesgh.com/product-category/kitchen-home/
WGH Shop - Search - Appliances,Blenders,blender online,Phrase,0.25,https://shop.websitesgh.com/product-category/kitchen-home/
WGH Shop - Search - Appliances,Blenders,commercial blender ghana,Phrase,0.25,https://shop.websitesgh.com/product-category/kitchen-home/
WGH Shop - Search - Appliances,Blenders,commercial blender accra,Phrase,0.25,https://shop.websitesgh.com/product-category/kitchen-home/
WGH Shop - Search - Appliances,Blenders,commercial blender in ghana,Phrase,0.25,https://shop.websitesgh.com/product-category/kitchen-home/
WGH Shop - Search - Appliances,Blenders,commercial blender in accra,Phrase,0.25,https://shop.websitesgh.com/product-category/kitchen-home/
WGH Shop - Search - Appliances,Blenders,buy commercial blender,Phrase,0.25,https://shop.websitesgh.com/product-category/kitchen-home/
WGH Shop - Search - Appliances,Blenders,commercial blender price,Phrase,0.25,https://shop.websitesgh.com/product-category/kitchen-home/
WGH Shop - Search - Appliances,Blenders,commercial blender price in ghana,Phrase,0.25,https://shop.websitesgh.com/product-category/kitchen-home/
WGH Shop - Search - Appliances,Blenders,commercial blender for sale,Phrase,0.25,https://shop.websitesgh.com/product-category/kitchen-home/
WGH Shop - Search - Appliances,Blenders,commercial blender online,Phrase,0.25,https://shop.websitesgh.com/product-category/kitchen-home/
WGH Shop - Search - Appliances,Blenders,2l blender ghana,Phrase,0.25,https://shop.websitesgh.com/product-category/kitchen-home/
WGH Shop - Search - Appliances,Blenders,2l blender accra,Phrase,0.25,https://shop.websitesgh.com/product-category/kitchen-home/
WGH Shop - Search - Appliances,Blenders,2l blender in ghana,Phrase,0.25,https://shop.websitesgh.com/product-category/kitchen-home/
WGH Shop - Search - Appliances,Blenders,2l blender in accra,Phrase,0.25,https://shop.websitesgh.com/product-category/kitchen-home/
WGH Shop - Search - Appliances,Blenders,buy 2l blender,Phrase,0.25,https://shop.websitesgh.com/product-category/kitchen-home/
WGH Shop - Search - Appliances,Blenders,2l blender price,Phrase,0.25,https://shop.websitesgh.com/product-category/kitchen-home/
WGH Shop - Search - Appliances,Blenders,2l blender price in ghana,Phrase,0.25,https://shop.websitesgh.com/product-category/kitchen-home/
WGH Shop - Search - Appliances,Blenders,2l blender for sale,Phrase,0.25,https://shop.websitesgh.com/product-category/kitchen-home/
WGH Shop - Search - Appliances,Blenders,2l blender online,Phrase,0.25,https://shop.websitesgh.com/product-category/kitchen-home/
WGH Shop - Search - Appliances,Blenders,smoothie blender ghana,Phrase,0.25,https://shop.websitesgh.com/product-category/kitchen-home/
WGH Shop - Search - Appliances,Blenders,smoothie blender accra,Phrase,0.25,https://shop.websitesgh.com/product-category/kitchen-home/
WGH Shop - Search - Appliances,Blenders,smoothie blender in ghana,Phrase,0.25,https://shop.websitesgh.com/product-category/kitchen-home/
WGH Shop - Search - Appliances,Blenders,smoothie blender in accra,Phrase,0.25,https://shop.websitesgh.com/product-category/kitchen-home/
WGH Shop - Search - Appliances,Blenders,buy smoothie blender,Phrase,0.25,https://shop.websitesgh.com/product-category/kitchen-home/
WGH Shop - Search - Appliances,Blenders,smoothie blender price,Phrase,0.25,https://shop.websitesgh.com/product-category/kitchen-home/
WGH Shop - Search - Appliances,Blenders,smoothie blender price in ghana,Phrase,0.25,https://shop.websitesgh.com/product-category/kitchen-home/
WGH Shop - Search - Appliances,Blenders,smoothie blender for sale,Phrase,0.25,https://shop.websitesgh.com/product-category/kitchen-home/
WGH Shop - Search - Appliances,Blenders,smoothie blender online,Phrase,0.25,https://shop.websitesgh.com/product-category/kitchen-home/
WGH Shop - Search - Appliances,Electric Kettles,electric kettle price in ghana,Exact,0.30,https://shop.websitesgh.com/product-category/kitchen-home/
WGH Shop - Search - Appliances,Electric Kettles,buy electric kettle in ghana,Exact,0.30,https://shop.websitesgh.com/product-category/kitchen-home/
WGH Shop - Search - Appliances,Electric Kettles,electric kettle ghana,Phrase,0.25,https://shop.websitesgh.com/product-category/kitchen-home/
WGH Shop - Search - Appliances,Electric Kettles,electric kettle accra,Phrase,0.25,https://shop.websitesgh.com/product-category/kitchen-home/
WGH Shop - Search - Appliances,Electric Kettles,electric kettle in ghana,Phrase,0.25,https://shop.websitesgh.com/product-category/kitchen-home/
WGH Shop - Search - Appliances,Electric Kettles,electric kettle in accra,Phrase,0.25,https://shop.websitesgh.com/product-category/kitchen-home/
WGH Shop - Search - Appliances,Electric Kettles,buy electric kettle,Phrase,0.25,https://shop.websitesgh.com/product-category/kitchen-home/
WGH Shop - Search - Appliances,Electric Kettles,electric kettle price,Phrase,0.25,https://shop.websitesgh.com/product-category/kitchen-home/
WGH Shop - Search - Appliances,Electric Kettles,electric kettle price in ghana,Phrase,0.25,https://shop.websitesgh.com/product-category/kitchen-home/
WGH Shop - Search - Appliances,Electric Kettles,electric kettle for sale,Phrase,0.25,https://shop.websitesgh.com/product-category/kitchen-home/
WGH Shop - Search - Appliances,Electric Kettles,electric kettle online,Phrase,0.25,https://shop.websitesgh.com/product-category/kitchen-home/
WGH Shop - Search - Appliances,Electric Kettles,kettle ghana,Phrase,0.25,https://shop.websitesgh.com/product-category/kitchen-home/
WGH Shop - Search - Appliances,Electric Kettles,kettle accra,Phrase,0.25,https://shop.websitesgh.com/product-category/kitchen-home/
WGH Shop - Search - Appliances,Electric Kettles,kettle in ghana,Phrase,0.25,https://shop.websitesgh.com/product-category/kitchen-home/
WGH Shop - Search - Appliances,Electric Kettles,kettle in accra,Phrase,0.25,https://shop.websitesgh.com/product-category/kitchen-home/
WGH Shop - Search - Appliances,Electric Kettles,buy kettle,Phrase,0.25,https://shop.websitesgh.com/product-category/kitchen-home/
WGH Shop - Search - Appliances,Electric Kettles,kettle price,Phrase,0.25,https://shop.websitesgh.com/product-category/kitchen-home/
WGH Shop - Search - Appliances,Electric Kettles,kettle price in ghana,Phrase,0.25,https://shop.websitesgh.com/product-category/kitchen-home/
WGH Shop - Search - Appliances,Electric Kettles,kettle for sale,Phrase,0.25,https://shop.websitesgh.com/product-category/kitchen-home/
WGH Shop - Search - Appliances,Electric Kettles,kettle online,Phrase,0.25,https://shop.websitesgh.com/product-category/kitchen-home/
WGH Shop - Search - Appliances,Electric Kettles,stainless steel kettle ghana,Phrase,0.25,https://shop.websitesgh.com/product-category/kitchen-home/
WGH Shop - Search - Appliances,Electric Kettles,stainless steel kettle accra,Phrase,0.25,https://shop.websitesgh.com/product-category/kitchen-home/
WGH Shop - Search - Appliances,Electric Kettles,stainless steel kettle in ghana,Phrase,0.25,https://shop.websitesgh.com/product-category/kitchen-home/
WGH Shop - Search - Appliances,Electric Kettles,stainless steel kettle in accra,Phrase,0.25,https://shop.websitesgh.com/product-category/kitchen-home/
WGH Shop - Search - Appliances,Electric Kettles,buy stainless steel kettle,Phrase,0.25,https://shop.websitesgh.com/product-category/kitchen-home/
WGH Shop - Search - Appliances,Electric Kettles,stainless steel kettle price,Phrase,0.25,https://shop.websitesgh.com/product-category/kitchen-home/
WGH Shop - Search - Appliances,Electric Kettles,stainless steel kettle price in ghana,Phrase,0.25,https://shop.websitesgh.com/product-category/kitchen-home/
WGH Shop - Search - Appliances,Electric Kettles,stainless steel kettle for sale,Phrase,0.25,https://shop.websitesgh.com/product-category/kitchen-home/
WGH Shop - Search - Appliances,Electric Kettles,stainless steel kettle online,Phrase,0.25,https://shop.websitesgh.com/product-category/kitchen-home/
WGH Shop - Search - Appliances,Electric Kettles,2l kettle ghana,Phrase,0.25,https://shop.websitesgh.com/product-category/kitchen-home/
WGH Shop - Search - Appliances,Electric Kettles,2l kettle accra,Phrase,0.25,https://shop.websitesgh.com/product-category/kitchen-home/
WGH Shop - Search - Appliances,Electric Kettles,2l kettle in ghana,Phrase,0.25,https://shop.websitesgh.com/product-category/kitchen-home/
WGH Shop - Search - Appliances,Electric Kettles,2l kettle in accra,Phrase,0.25,https://shop.websitesgh.com/product-category/kitchen-home/
WGH Shop - Search - Appliances,Electric Kettles,buy 2l kettle,Phrase,0.25,https://shop.websitesgh.com/product-category/kitchen-home/
WGH Shop - Search - Appliances,Electric Kettles,2l kettle price,Phrase,0.25,https://shop.websitesgh.com/product-category/kitchen-home/
WGH Shop - Search - Appliances,Electric Kettles,2l kettle price in ghana,Phrase,0.25,https://shop.websitesgh.com/product-category/kitchen-home/
WGH Shop - Search - Appliances,Electric Kettles,2l kettle for sale,Phrase,0.25,https://shop.websitesgh.com/product-category/kitchen-home/
WGH Shop - Search - Appliances,Electric Kettles,2l kettle online,Phrase,0.25,https://shop.websitesgh.com/product-category/kitchen-home/
WGH Shop - Search - Appliances,Microwaves,microwave price in ghana,Exact,0.30,https://shop.websitesgh.com/product-category/kitchen-home/
WGH Shop - Search - Appliances,Microwaves,buy microwave in ghana,Exact,0.30,https://shop.websitesgh.com/product-category/kitchen-home/
WGH Shop - Search - Appliances,Microwaves,microwave ghana,Phrase,0.25,https://shop.websitesgh.com/product-category/kitchen-home/
WGH Shop - Search - Appliances,Microwaves,microwave accra,Phrase,0.25,https://shop.websitesgh.com/product-category/kitchen-home/
WGH Shop - Search - Appliances,Microwaves,microwave in ghana,Phrase,0.25,https://shop.websitesgh.com/product-category/kitchen-home/
WGH Shop - Search - Appliances,Microwaves,microwave in accra,Phrase,0.25,https://shop.websitesgh.com/product-category/kitchen-home/
WGH Shop - Search - Appliances,Microwaves,buy microwave,Phrase,0.25,https://shop.websitesgh.com/product-category/kitchen-home/
WGH Shop - Search - Appliances,Microwaves,microwave price,Phrase,0.25,https://shop.websitesgh.com/product-category/kitchen-home/
WGH Shop - Search - Appliances,Microwaves,microwave price in ghana,Phrase,0.25,https://shop.websitesgh.com/product-category/kitchen-home/
WGH Shop - Search - Appliances,Microwaves,microwave for sale,Phrase,0.25,https://shop.websitesgh.com/product-category/kitchen-home/
WGH Shop - Search - Appliances,Microwaves,microwave online,Phrase,0.25,https://shop.websitesgh.com/product-category/kitchen-home/
WGH Shop - Search - Appliances,Microwaves,microwave oven ghana,Phrase,0.25,https://shop.websitesgh.com/product-category/kitchen-home/
WGH Shop - Search - Appliances,Microwaves,microwave oven accra,Phrase,0.25,https://shop.websitesgh.com/product-category/kitchen-home/
WGH Shop - Search - Appliances,Microwaves,microwave oven in ghana,Phrase,0.25,https://shop.websitesgh.com/product-category/kitchen-home/
WGH Shop - Search - Appliances,Microwaves,microwave oven in accra,Phrase,0.25,https://shop.websitesgh.com/product-category/kitchen-home/
WGH Shop - Search - Appliances,Microwaves,buy microwave oven,Phrase,0.25,https://shop.websitesgh.com/product-category/kitchen-home/
WGH Shop - Search - Appliances,Microwaves,microwave oven price,Phrase,0.25,https://shop.websitesgh.com/product-category/kitchen-home/
WGH Shop - Search - Appliances,Microwaves,microwave oven price in ghana,Phrase,0.25,https://shop.websitesgh.com/product-category/kitchen-home/
WGH Shop - Search - Appliances,Microwaves,microwave oven for sale,Phrase,0.25,https://shop.websitesgh.com/product-category/kitchen-home/
WGH Shop - Search - Appliances,Microwaves,microwave oven online,Phrase,0.25,https://shop.websitesgh.com/product-category/kitchen-home/
WGH Shop - Search - Appliances,Microwaves,20l microwave ghana,Phrase,0.25,https://shop.websitesgh.com/product-category/kitchen-home/
WGH Shop - Search - Appliances,Microwaves,20l microwave accra,Phrase,0.25,https://shop.websitesgh.com/product-category/kitchen-home/
WGH Shop - Search - Appliances,Microwaves,20l microwave in ghana,Phrase,0.25,https://shop.websitesgh.com/product-category/kitchen-home/
WGH Shop - Search - Appliances,Microwaves,20l microwave in accra,Phrase,0.25,https://shop.websitesgh.com/product-category/kitchen-home/
WGH Shop - Search - Appliances,Microwaves,buy 20l microwave,Phrase,0.25,https://shop.websitesgh.com/product-category/kitchen-home/
WGH Shop - Search - Appliances,Microwaves,20l microwave price,Phrase,0.25,https://shop.websitesgh.com/product-category/kitchen-home/
WGH Shop - Search - Appliances,Microwaves,20l microwave price in ghana,Phrase,0.25,https://shop.websitesgh.com/product-category/kitchen-home/
WGH Shop - Search - Appliances,Microwaves,20l microwave for sale,Phrase,0.25,https://shop.websitesgh.com/product-category/kitchen-home/
WGH Shop - Search - Appliances,Microwaves,20l microwave online,Phrase,0.25,https://shop.websitesgh.com/product-category/kitchen-home/
WGH Shop - Search - Appliances,Rice Cookers,rice cooker price in ghana,Exact,0.30,https://shop.websitesgh.com/product-category/kitchen-home/
WGH Shop - Search - Appliances,Rice Cookers,buy rice cooker in ghana,Exact,0.30,https://shop.websitesgh.com/product-category/kitchen-home/
WGH Shop - Search - Appliances,Rice Cookers,rice cooker ghana,Phrase,0.25,https://shop.websitesgh.com/product-category/kitchen-home/
WGH Shop - Search - Appliances,Rice Cookers,rice cooker accra,Phrase,0.25,https://shop.websitesgh.com/product-category/kitchen-home/
WGH Shop - Search - Appliances,Rice Cookers,rice cooker in ghana,Phrase,0.25,https://shop.websitesgh.com/product-category/kitchen-home/
WGH Shop - Search - Appliances,Rice Cookers,rice cooker in accra,Phrase,0.25,https://shop.websitesgh.com/product-category/kitchen-home/
WGH Shop - Search - Appliances,Rice Cookers,buy rice cooker,Phrase,0.25,https://shop.websitesgh.com/product-category/kitchen-home/
WGH Shop - Search - Appliances,Rice Cookers,rice cooker price,Phrase,0.25,https://shop.websitesgh.com/product-category/kitchen-home/
WGH Shop - Search - Appliances,Rice Cookers,rice cooker price in ghana,Phrase,0.25,https://shop.websitesgh.com/product-category/kitchen-home/
WGH Shop - Search - Appliances,Rice Cookers,rice cooker for sale,Phrase,0.25,https://shop.websitesgh.com/product-category/kitchen-home/
WGH Shop - Search - Appliances,Rice Cookers,rice cooker online,Phrase,0.25,https://shop.websitesgh.com/product-category/kitchen-home/
WGH Shop - Search - Appliances,Rice Cookers,electric rice cooker ghana,Phrase,0.25,https://shop.websitesgh.com/product-category/kitchen-home/
WGH Shop - Search - Appliances,Rice Cookers,electric rice cooker accra,Phrase,0.25,https://shop.websitesgh.com/product-category/kitchen-home/
WGH Shop - Search - Appliances,Rice Cookers,electric rice cooker in ghana,Phrase,0.25,https://shop.websitesgh.com/product-category/kitchen-home/
WGH Shop - Search - Appliances,Rice Cookers,electric rice cooker in accra,Phrase,0.25,https://shop.websitesgh.com/product-category/kitchen-home/
WGH Shop - Search - Appliances,Rice Cookers,buy electric rice cooker,Phrase,0.25,https://shop.websitesgh.com/product-category/kitchen-home/
WGH Shop - Search - Appliances,Rice Cookers,electric rice cooker price,Phrase,0.25,https://shop.websitesgh.com/product-category/kitchen-home/
WGH Shop - Search - Appliances,Rice Cookers,electric rice cooker price in ghana,Phrase,0.25,https://shop.websitesgh.com/product-category/kitchen-home/
WGH Shop - Search - Appliances,Rice Cookers,electric rice cooker for sale,Phrase,0.25,https://shop.websitesgh.com/product-category/kitchen-home/
WGH Shop - Search - Appliances,Rice Cookers,electric rice cooker online,Phrase,0.25,https://shop.websitesgh.com/product-category/kitchen-home/
WGH Shop - Search - Appliances,Hot Plates,hot plate price in ghana,Exact,0.30,https://shop.websitesgh.com/product-category/kitchen-home/
WGH Shop - Search - Appliances,Hot Plates,buy hot plate in ghana,Exact,0.30,https://shop.websitesgh.com/product-category/kitchen-home/
WGH Shop - Search - Appliances,Hot Plates,hot plate ghana,Phrase,0.25,https://shop.websitesgh.com/product-category/kitchen-home/
WGH Shop - Search - Appliances,Hot Plates,hot plate accra,Phrase,0.25,https://shop.websitesgh.com/product-category/kitchen-home/
WGH Shop - Search - Appliances,Hot Plates,hot plate in ghana,Phrase,0.25,https://shop.websitesgh.com/product-category/kitchen-home/
WGH Shop - Search - Appliances,Hot Plates,hot plate in accra,Phrase,0.25,https://shop.websitesgh.com/product-category/kitchen-home/
WGH Shop - Search - Appliances,Hot Plates,buy hot plate,Phrase,0.25,https://shop.websitesgh.com/product-category/kitchen-home/
WGH Shop - Search - Appliances,Hot Plates,hot plate price,Phrase,0.25,https://shop.websitesgh.com/product-category/kitchen-home/
WGH Shop - Search - Appliances,Hot Plates,hot plate price in ghana,Phrase,0.25,https://shop.websitesgh.com/product-category/kitchen-home/
WGH Shop - Search - Appliances,Hot Plates,hot plate for sale,Phrase,0.25,https://shop.websitesgh.com/product-category/kitchen-home/
WGH Shop - Search - Appliances,Hot Plates,hot plate online,Phrase,0.25,https://shop.websitesgh.com/product-category/kitchen-home/
WGH Shop - Search - Appliances,Hot Plates,electric hot plate ghana,Phrase,0.25,https://shop.websitesgh.com/product-category/kitchen-home/
WGH Shop - Search - Appliances,Hot Plates,electric hot plate accra,Phrase,0.25,https://shop.websitesgh.com/product-category/kitchen-home/
WGH Shop - Search - Appliances,Hot Plates,electric hot plate in ghana,Phrase,0.25,https://shop.websitesgh.com/product-category/kitchen-home/
WGH Shop - Search - Appliances,Hot Plates,electric hot plate in accra,Phrase,0.25,https://shop.websitesgh.com/product-category/kitchen-home/
WGH Shop - Search - Appliances,Hot Plates,buy electric hot plate,Phrase,0.25,https://shop.websitesgh.com/product-category/kitchen-home/
WGH Shop - Search - Appliances,Hot Plates,electric hot plate price,Phrase,0.25,https://shop.websitesgh.com/product-category/kitchen-home/
WGH Shop - Search - Appliances,Hot Plates,electric hot plate price in ghana,Phrase,0.25,https://shop.websitesgh.com/product-category/kitchen-home/
WGH Shop - Search - Appliances,Hot Plates,electric hot plate for sale,Phrase,0.25,https://shop.websitesgh.com/product-category/kitchen-home/
WGH Shop - Search - Appliances,Hot Plates,electric hot plate online,Phrase,0.25,https://shop.websitesgh.com/product-category/kitchen-home/
WGH Shop - Search - Appliances,Hot Plates,double burner hot plate ghana,Phrase,0.25,https://shop.websitesgh.com/product-category/kitchen-home/
WGH Shop - Search - Appliances,Hot Plates,double burner hot plate accra,Phrase,0.25,https://shop.websitesgh.com/product-category/kitchen-home/
WGH Shop - Search - Appliances,Hot Plates,double burner hot plate in ghana,Phrase,0.25,https://shop.websitesgh.com/product-category/kitchen-home/
WGH Shop - Search - Appliances,Hot Plates,double burner hot plate in accra,Phrase,0.25,https://shop.websitesgh.com/product-category/kitchen-home/
WGH Shop - Search - Appliances,Hot Plates,buy double burner hot plate,Phrase,0.25,https://shop.websitesgh.com/product-category/kitchen-home/
WGH Shop - Search - Appliances,Hot Plates,double burner hot plate price,Phrase,0.25,https://shop.websitesgh.com/product-category/kitchen-home/
WGH Shop - Search - Appliances,Hot Plates,double burner hot plate price in ghana,Phrase,0.25,https://shop.websitesgh.com/product-category/kitchen-home/
WGH Shop - Search - Appliances,Hot Plates,double burner hot plate for sale,Phrase,0.25,https://shop.websitesgh.com/product-category/kitchen-home/
WGH Shop - Search - Appliances,Hot Plates,double burner hot plate online,Phrase,0.25,https://shop.websitesgh.com/product-category/kitchen-home/
WGH Shop - Search - Appliances,Hot Plates,table top cooker ghana,Phrase,0.25,https://shop.websitesgh.com/product-category/kitchen-home/
WGH Shop - Search - Appliances,Hot Plates,table top cooker accra,Phrase,0.25,https://shop.websitesgh.com/product-category/kitchen-home/
WGH Shop - Search - Appliances,Hot Plates,table top cooker in ghana,Phrase,0.25,https://shop.websitesgh.com/product-category/kitchen-home/
WGH Shop - Search - Appliances,Hot Plates,table top cooker in accra,Phrase,0.25,https://shop.websitesgh.com/product-category/kitchen-home/
WGH Shop - Search - Appliances,Hot Plates,buy table top cooker,Phrase,0.25,https://shop.websitesgh.com/product-category/kitchen-home/
WGH Shop - Search - Appliances,Hot Plates,table top cooker price,Phrase,0.25,https://shop.websitesgh.com/product-category/kitchen-home/
WGH Shop - Search - Appliances,Hot Plates,table top cooker price in ghana,Phrase,0.25,https://shop.websitesgh.com/product-category/kitchen-home/
WGH Shop - Search - Appliances,Hot Plates,table top cooker for sale,Phrase,0.25,https://shop.websitesgh.com/product-category/kitchen-home/
WGH Shop - Search - Appliances,Hot Plates,table top cooker online,Phrase,0.25,https://shop.websitesgh.com/product-category/kitchen-home/
WGH Shop - Search - Appliances,Air Fryers,air fryer price in ghana,Exact,0.30,https://shop.websitesgh.com/product-category/kitchen-home/
WGH Shop - Search - Appliances,Air Fryers,buy air fryer in ghana,Exact,0.30,https://shop.websitesgh.com/product-category/kitchen-home/
WGH Shop - Search - Appliances,Air Fryers,air fryer ghana,Phrase,0.25,https://shop.websitesgh.com/product-category/kitchen-home/
WGH Shop - Search - Appliances,Air Fryers,air fryer accra,Phrase,0.25,https://shop.websitesgh.com/product-category/kitchen-home/
WGH Shop - Search - Appliances,Air Fryers,air fryer in ghana,Phrase,0.25,https://shop.websitesgh.com/product-category/kitchen-home/
WGH Shop - Search - Appliances,Air Fryers,air fryer in accra,Phrase,0.25,https://shop.websitesgh.com/product-category/kitchen-home/
WGH Shop - Search - Appliances,Air Fryers,buy air fryer,Phrase,0.25,https://shop.websitesgh.com/product-category/kitchen-home/
WGH Shop - Search - Appliances,Air Fryers,air fryer price,Phrase,0.25,https://shop.websitesgh.com/product-category/kitchen-home/
WGH Shop - Search - Appliances,Air Fryers,air fryer price in ghana,Phrase,0.25,https://shop.websitesgh.com/product-category/kitchen-home/
WGH Shop - Search - Appliances,Air Fryers,air fryer for sale,Phrase,0.25,https://shop.websitesgh.com/product-category/kitchen-home/
WGH Shop - Search - Appliances,Air Fryers,air fryer online,Phrase,0.25,https://shop.websitesgh.com/product-category/kitchen-home/
WGH Shop - Search - Appliances,Air Fryers,deep fryer ghana,Phrase,0.25,https://shop.websitesgh.com/product-category/kitchen-home/
WGH Shop - Search - Appliances,Air Fryers,deep fryer accra,Phrase,0.25,https://shop.websitesgh.com/product-category/kitchen-home/
WGH Shop - Search - Appliances,Air Fryers,deep fryer in ghana,Phrase,0.25,https://shop.websitesgh.com/product-category/kitchen-home/
WGH Shop - Search - Appliances,Air Fryers,deep fryer in accra,Phrase,0.25,https://shop.websitesgh.com/product-category/kitchen-home/
WGH Shop - Search - Appliances,Air Fryers,buy deep fryer,Phrase,0.25,https://shop.websitesgh.com/product-category/kitchen-home/
WGH Shop - Search - Appliances,Air Fryers,deep fryer price,Phrase,0.25,https://shop.websitesgh.com/product-category/kitchen-home/
WGH Shop - Search - Appliances,Air Fryers,deep fryer price in ghana,Phrase,0.25,https://shop.websitesgh.com/product-category/kitchen-home/
WGH Shop - Search - Appliances,Air Fryers,deep fryer for sale,Phrase,0.25,https://shop.websitesgh.com/product-category/kitchen-home/
WGH Shop - Search - Appliances,Air Fryers,deep fryer online,Phrase,0.25,https://shop.websitesgh.com/product-category/kitchen-home/
WGH Shop - Search - Appliances,Air Fryers,electric fryer ghana,Phrase,0.25,https://shop.websitesgh.com/product-category/kitchen-home/
WGH Shop - Search - Appliances,Air Fryers,electric fryer accra,Phrase,0.25,https://shop.websitesgh.com/product-category/kitchen-home/
WGH Shop - Search - Appliances,Air Fryers,electric fryer in ghana,Phrase,0.25,https://shop.websitesgh.com/product-category/kitchen-home/
WGH Shop - Search - Appliances,Air Fryers,electric fryer in accra,Phrase,0.25,https://shop.websitesgh.com/product-category/kitchen-home/
WGH Shop - Search - Appliances,Air Fryers,buy electric fryer,Phrase,0.25,https://shop.websitesgh.com/product-category/kitchen-home/
WGH Shop - Search - Appliances,Air Fryers,electric fryer price,Phrase,0.25,https://shop.websitesgh.com/product-category/kitchen-home/
WGH Shop - Search - Appliances,Air Fryers,electric fryer price in ghana,Phrase,0.25,https://shop.websitesgh.com/product-category/kitchen-home/
WGH Shop - Search - Appliances,Air Fryers,electric fryer for sale,Phrase,0.25,https://shop.websitesgh.com/product-category/kitchen-home/
WGH Shop - Search - Appliances,Air Fryers,electric fryer online,Phrase,0.25,https://shop.websitesgh.com/product-category/kitchen-home/
WGH Shop - Search - Appliances,Power Banks,power bank price in ghana,Exact,0.30,https://shop.websitesgh.com/product-category/phones-audio/
WGH Shop - Search - Appliances,Power Banks,buy power bank in ghana,Exact,0.30,https://shop.websitesgh.com/product-category/phones-audio/
WGH Shop - Search - Appliances,Power Banks,power bank ghana,Phrase,0.25,https://shop.websitesgh.com/product-category/phones-audio/
WGH Shop - Search - Appliances,Power Banks,power bank accra,Phrase,0.25,https://shop.websitesgh.com/product-category/phones-audio/
WGH Shop - Search - Appliances,Power Banks,power bank in ghana,Phrase,0.25,https://shop.websitesgh.com/product-category/phones-audio/
WGH Shop - Search - Appliances,Power Banks,power bank in accra,Phrase,0.25,https://shop.websitesgh.com/product-category/phones-audio/
WGH Shop - Search - Appliances,Power Banks,buy power bank,Phrase,0.25,https://shop.websitesgh.com/product-category/phones-audio/
WGH Shop - Search - Appliances,Power Banks,power bank price,Phrase,0.25,https://shop.websitesgh.com/product-category/phones-audio/
WGH Shop - Search - Appliances,Power Banks,power bank price in ghana,Phrase,0.25,https://shop.websitesgh.com/product-category/phones-audio/
WGH Shop - Search - Appliances,Power Banks,power bank for sale,Phrase,0.25,https://shop.websitesgh.com/product-category/phones-audio/
WGH Shop - Search - Appliances,Power Banks,power bank online,Phrase,0.25,https://shop.websitesgh.com/product-category/phones-audio/
WGH Shop - Search - Appliances,Power Banks,20000mah power bank ghana,Phrase,0.25,https://shop.websitesgh.com/product-category/phones-audio/
WGH Shop - Search - Appliances,Power Banks,20000mah power bank accra,Phrase,0.25,https://shop.websitesgh.com/product-category/phones-audio/
WGH Shop - Search - Appliances,Power Banks,20000mah power bank in ghana,Phrase,0.25,https://shop.websitesgh.com/product-category/phones-audio/
WGH Shop - Search - Appliances,Power Banks,20000mah power bank in accra,Phrase,0.25,https://shop.websitesgh.com/product-category/phones-audio/
WGH Shop - Search - Appliances,Power Banks,buy 20000mah power bank,Phrase,0.25,https://shop.websitesgh.com/product-category/phones-audio/
WGH Shop - Search - Appliances,Power Banks,20000mah power bank price,Phrase,0.25,https://shop.websitesgh.com/product-category/phones-audio/
WGH Shop - Search - Appliances,Power Banks,20000mah power bank price in ghana,Phrase,0.25,https://shop.websitesgh.com/product-category/phones-audio/
WGH Shop - Search - Appliances,Power Banks,20000mah power bank for sale,Phrase,0.25,https://shop.websitesgh.com/product-category/phones-audio/
WGH Shop - Search - Appliances,Power Banks,20000mah power bank online,Phrase,0.25,https://shop.websitesgh.com/product-category/phones-audio/
WGH Shop - Search - Appliances,Power Banks,30000mah power bank ghana,Phrase,0.25,https://shop.websitesgh.com/product-category/phones-audio/
WGH Shop - Search - Appliances,Power Banks,30000mah power bank accra,Phrase,0.25,https://shop.websitesgh.com/product-category/phones-audio/
WGH Shop - Search - Appliances,Power Banks,30000mah power bank in ghana,Phrase,0.25,https://shop.websitesgh.com/product-category/phones-audio/
WGH Shop - Search - Appliances,Power Banks,30000mah power bank in accra,Phrase,0.25,https://shop.websitesgh.com/product-category/phones-audio/
WGH Shop - Search - Appliances,Power Banks,buy 30000mah power bank,Phrase,0.25,https://shop.websitesgh.com/product-category/phones-audio/
WGH Shop - Search - Appliances,Power Banks,30000mah power bank price,Phrase,0.25,https://shop.websitesgh.com/product-category/phones-audio/
WGH Shop - Search - Appliances,Power Banks,30000mah power bank price in ghana,Phrase,0.25,https://shop.websitesgh.com/product-category/phones-audio/
WGH Shop - Search - Appliances,Power Banks,30000mah power bank for sale,Phrase,0.25,https://shop.websitesgh.com/product-category/phones-audio/
WGH Shop - Search - Appliances,Power Banks,30000mah power bank online,Phrase,0.25,https://shop.websitesgh.com/product-category/phones-audio/
WGH Shop - Search - Appliances,Power Banks,portable charger ghana,Phrase,0.25,https://shop.websitesgh.com/product-category/phones-audio/
WGH Shop - Search - Appliances,Power Banks,portable charger accra,Phrase,0.25,https://shop.websitesgh.com/product-category/phones-audio/
WGH Shop - Search - Appliances,Power Banks,portable charger in ghana,Phrase,0.25,https://shop.websitesgh.com/product-category/phones-audio/
WGH Shop - Search - Appliances,Power Banks,portable charger in accra,Phrase,0.25,https://shop.websitesgh.com/product-category/phones-audio/
WGH Shop - Search - Appliances,Power Banks,buy portable charger,Phrase,0.25,https://shop.websitesgh.com/product-category/phones-audio/
WGH Shop - Search - Appliances,Power Banks,portable charger price,Phrase,0.25,https://shop.websitesgh.com/product-category/phones-audio/
WGH Shop - Search - Appliances,Power Banks,portable charger price in ghana,Phrase,0.25,https://shop.websitesgh.com/product-category/phones-audio/
WGH Shop - Search - Appliances,Power Banks,portable charger for sale,Phrase,0.25,https://shop.websitesgh.com/product-category/phones-audio/
WGH Shop - Search - Appliances,Power Banks,portable charger online,Phrase,0.25,https://shop.websitesgh.com/product-category/phones-audio/
WGH Shop - Search - Appliances,Wireless Earbuds,wireless earbuds price in ghana,Exact,0.30,https://shop.websitesgh.com/product-category/phones-audio/
WGH Shop - Search - Appliances,Wireless Earbuds,buy wireless earbuds in ghana,Exact,0.30,https://shop.websitesgh.com/product-category/phones-audio/
WGH Shop - Search - Appliances,Wireless Earbuds,wireless earbuds ghana,Phrase,0.25,https://shop.websitesgh.com/product-category/phones-audio/
WGH Shop - Search - Appliances,Wireless Earbuds,wireless earbuds accra,Phrase,0.25,https://shop.websitesgh.com/product-category/phones-audio/
WGH Shop - Search - Appliances,Wireless Earbuds,wireless earbuds in ghana,Phrase,0.25,https://shop.websitesgh.com/product-category/phones-audio/
WGH Shop - Search - Appliances,Wireless Earbuds,wireless earbuds in accra,Phrase,0.25,https://shop.websitesgh.com/product-category/phones-audio/
WGH Shop - Search - Appliances,Wireless Earbuds,buy wireless earbuds,Phrase,0.25,https://shop.websitesgh.com/product-category/phones-audio/
WGH Shop - Search - Appliances,Wireless Earbuds,wireless earbuds price,Phrase,0.25,https://shop.websitesgh.com/product-category/phones-audio/
WGH Shop - Search - Appliances,Wireless Earbuds,wireless earbuds price in ghana,Phrase,0.25,https://shop.websitesgh.com/product-category/phones-audio/
WGH Shop - Search - Appliances,Wireless Earbuds,wireless earbuds for sale,Phrase,0.25,https://shop.websitesgh.com/product-category/phones-audio/
WGH Shop - Search - Appliances,Wireless Earbuds,wireless earbuds online,Phrase,0.25,https://shop.websitesgh.com/product-category/phones-audio/
WGH Shop - Search - Appliances,Wireless Earbuds,earbuds ghana,Phrase,0.25,https://shop.websitesgh.com/product-category/phones-audio/
WGH Shop - Search - Appliances,Wireless Earbuds,earbuds accra,Phrase,0.25,https://shop.websitesgh.com/product-category/phones-audio/
WGH Shop - Search - Appliances,Wireless Earbuds,earbuds in ghana,Phrase,0.25,https://shop.websitesgh.com/product-category/phones-audio/
WGH Shop - Search - Appliances,Wireless Earbuds,earbuds in accra,Phrase,0.25,https://shop.websitesgh.com/product-category/phones-audio/
WGH Shop - Search - Appliances,Wireless Earbuds,buy earbuds,Phrase,0.25,https://shop.websitesgh.com/product-category/phones-audio/
WGH Shop - Search - Appliances,Wireless Earbuds,earbuds price,Phrase,0.25,https://shop.websitesgh.com/product-category/phones-audio/
WGH Shop - Search - Appliances,Wireless Earbuds,earbuds price in ghana,Phrase,0.25,https://shop.websitesgh.com/product-category/phones-audio/
WGH Shop - Search - Appliances,Wireless Earbuds,earbuds for sale,Phrase,0.25,https://shop.websitesgh.com/product-category/phones-audio/
WGH Shop - Search - Appliances,Wireless Earbuds,earbuds online,Phrase,0.25,https://shop.websitesgh.com/product-category/phones-audio/
WGH Shop - Search - Appliances,Wireless Earbuds,bluetooth earbuds ghana,Phrase,0.25,https://shop.websitesgh.com/product-category/phones-audio/
WGH Shop - Search - Appliances,Wireless Earbuds,bluetooth earbuds accra,Phrase,0.25,https://shop.websitesgh.com/product-category/phones-audio/
WGH Shop - Search - Appliances,Wireless Earbuds,bluetooth earbuds in ghana,Phrase,0.25,https://shop.websitesgh.com/product-category/phones-audio/
WGH Shop - Search - Appliances,Wireless Earbuds,bluetooth earbuds in accra,Phrase,0.25,https://shop.websitesgh.com/product-category/phones-audio/
WGH Shop - Search - Appliances,Wireless Earbuds,buy bluetooth earbuds,Phrase,0.25,https://shop.websitesgh.com/product-category/phones-audio/
WGH Shop - Search - Appliances,Wireless Earbuds,bluetooth earbuds price,Phrase,0.25,https://shop.websitesgh.com/product-category/phones-audio/
WGH Shop - Search - Appliances,Wireless Earbuds,bluetooth earbuds price in ghana,Phrase,0.25,https://shop.websitesgh.com/product-category/phones-audio/
WGH Shop - Search - Appliances,Wireless Earbuds,bluetooth earbuds for sale,Phrase,0.25,https://shop.websitesgh.com/product-category/phones-audio/
WGH Shop - Search - Appliances,Wireless Earbuds,bluetooth earbuds online,Phrase,0.25,https://shop.websitesgh.com/product-category/phones-audio/
WGH Shop - Search - Appliances,Wireless Earbuds,earphones ghana,Phrase,0.25,https://shop.websitesgh.com/product-category/phones-audio/
WGH Shop - Search - Appliances,Wireless Earbuds,earphones accra,Phrase,0.25,https://shop.websitesgh.com/product-category/phones-audio/
WGH Shop - Search - Appliances,Wireless Earbuds,earphones in ghana,Phrase,0.25,https://shop.websitesgh.com/product-category/phones-audio/
WGH Shop - Search - Appliances,Wireless Earbuds,earphones in accra,Phrase,0.25,https://shop.websitesgh.com/product-category/phones-audio/
WGH Shop - Search - Appliances,Wireless Earbuds,buy earphones,Phrase,0.25,https://shop.websitesgh.com/product-category/phones-audio/
WGH Shop - Search - Appliances,Wireless Earbuds,earphones price,Phrase,0.25,https://shop.websitesgh.com/product-category/phones-audio/
WGH Shop - Search - Appliances,Wireless Earbuds,earphones price in ghana,Phrase,0.25,https://shop.websitesgh.com/product-category/phones-audio/
WGH Shop - Search - Appliances,Wireless Earbuds,earphones for sale,Phrase,0.25,https://shop.websitesgh.com/product-category/phones-audio/
WGH Shop - Search - Appliances,Wireless Earbuds,earphones online,Phrase,0.25,https://shop.websitesgh.com/product-category/phones-audio/
WGH Shop - Search - Appliances,Bluetooth Speakers,bluetooth speaker price in ghana,Exact,0.30,https://shop.websitesgh.com/product-category/phones-audio/
WGH Shop - Search - Appliances,Bluetooth Speakers,buy bluetooth speaker in ghana,Exact,0.30,https://shop.websitesgh.com/product-category/phones-audio/
WGH Shop - Search - Appliances,Bluetooth Speakers,bluetooth speaker ghana,Phrase,0.25,https://shop.websitesgh.com/product-category/phones-audio/
WGH Shop - Search - Appliances,Bluetooth Speakers,bluetooth speaker accra,Phrase,0.25,https://shop.websitesgh.com/product-category/phones-audio/
WGH Shop - Search - Appliances,Bluetooth Speakers,bluetooth speaker in ghana,Phrase,0.25,https://shop.websitesgh.com/product-category/phones-audio/
WGH Shop - Search - Appliances,Bluetooth Speakers,bluetooth speaker in accra,Phrase,0.25,https://shop.websitesgh.com/product-category/phones-audio/
WGH Shop - Search - Appliances,Bluetooth Speakers,buy bluetooth speaker,Phrase,0.25,https://shop.websitesgh.com/product-category/phones-audio/
WGH Shop - Search - Appliances,Bluetooth Speakers,bluetooth speaker price,Phrase,0.25,https://shop.websitesgh.com/product-category/phones-audio/
WGH Shop - Search - Appliances,Bluetooth Speakers,bluetooth speaker price in ghana,Phrase,0.25,https://shop.websitesgh.com/product-category/phones-audio/
WGH Shop - Search - Appliances,Bluetooth Speakers,bluetooth speaker for sale,Phrase,0.25,https://shop.websitesgh.com/product-category/phones-audio/
WGH Shop - Search - Appliances,Bluetooth Speakers,bluetooth speaker online,Phrase,0.25,https://shop.websitesgh.com/product-category/phones-audio/
WGH Shop - Search - Appliances,Bluetooth Speakers,portable speaker ghana,Phrase,0.25,https://shop.websitesgh.com/product-category/phones-audio/
WGH Shop - Search - Appliances,Bluetooth Speakers,portable speaker accra,Phrase,0.25,https://shop.websitesgh.com/product-category/phones-audio/
WGH Shop - Search - Appliances,Bluetooth Speakers,portable speaker in ghana,Phrase,0.25,https://shop.websitesgh.com/product-category/phones-audio/
WGH Shop - Search - Appliances,Bluetooth Speakers,portable speaker in accra,Phrase,0.25,https://shop.websitesgh.com/product-category/phones-audio/
WGH Shop - Search - Appliances,Bluetooth Speakers,buy portable speaker,Phrase,0.25,https://shop.websitesgh.com/product-category/phones-audio/
WGH Shop - Search - Appliances,Bluetooth Speakers,portable speaker price,Phrase,0.25,https://shop.websitesgh.com/product-category/phones-audio/
WGH Shop - Search - Appliances,Bluetooth Speakers,portable speaker price in ghana,Phrase,0.25,https://shop.websitesgh.com/product-category/phones-audio/
WGH Shop - Search - Appliances,Bluetooth Speakers,portable speaker for sale,Phrase,0.25,https://shop.websitesgh.com/product-category/phones-audio/
WGH Shop - Search - Appliances,Bluetooth Speakers,portable speaker online,Phrase,0.25,https://shop.websitesgh.com/product-category/phones-audio/
WGH Shop - Search - Appliances,Bluetooth Speakers,party speaker ghana,Phrase,0.25,https://shop.websitesgh.com/product-category/phones-audio/
WGH Shop - Search - Appliances,Bluetooth Speakers,party speaker accra,Phrase,0.25,https://shop.websitesgh.com/product-category/phones-audio/
WGH Shop - Search - Appliances,Bluetooth Speakers,party speaker in ghana,Phrase,0.25,https://shop.websitesgh.com/product-category/phones-audio/
WGH Shop - Search - Appliances,Bluetooth Speakers,party speaker in accra,Phrase,0.25,https://shop.websitesgh.com/product-category/phones-audio/
WGH Shop - Search - Appliances,Bluetooth Speakers,buy party speaker,Phrase,0.25,https://shop.websitesgh.com/product-category/phones-audio/
WGH Shop - Search - Appliances,Bluetooth Speakers,party speaker price,Phrase,0.25,https://shop.websitesgh.com/product-category/phones-audio/
WGH Shop - Search - Appliances,Bluetooth Speakers,party speaker price in ghana,Phrase,0.25,https://shop.websitesgh.com/product-category/phones-audio/
WGH Shop - Search - Appliances,Bluetooth Speakers,party speaker for sale,Phrase,0.25,https://shop.websitesgh.com/product-category/phones-audio/
WGH Shop - Search - Appliances,Bluetooth Speakers,party speaker online,Phrase,0.25,https://shop.websitesgh.com/product-category/phones-audio/
WGH Shop - Search - Appliances,Pressing Irons,pressing iron price in ghana,Exact,0.30,https://shop.websitesgh.com/product-category/laundry/
WGH Shop - Search - Appliances,Pressing Irons,buy pressing iron in ghana,Exact,0.30,https://shop.websitesgh.com/product-category/laundry/
WGH Shop - Search - Appliances,Pressing Irons,pressing iron ghana,Phrase,0.25,https://shop.websitesgh.com/product-category/laundry/
WGH Shop - Search - Appliances,Pressing Irons,pressing iron accra,Phrase,0.25,https://shop.websitesgh.com/product-category/laundry/
WGH Shop - Search - Appliances,Pressing Irons,pressing iron in ghana,Phrase,0.25,https://shop.websitesgh.com/product-category/laundry/
WGH Shop - Search - Appliances,Pressing Irons,pressing iron in accra,Phrase,0.25,https://shop.websitesgh.com/product-category/laundry/
WGH Shop - Search - Appliances,Pressing Irons,buy pressing iron,Phrase,0.25,https://shop.websitesgh.com/product-category/laundry/
WGH Shop - Search - Appliances,Pressing Irons,pressing iron price,Phrase,0.25,https://shop.websitesgh.com/product-category/laundry/
WGH Shop - Search - Appliances,Pressing Irons,pressing iron price in ghana,Phrase,0.25,https://shop.websitesgh.com/product-category/laundry/
WGH Shop - Search - Appliances,Pressing Irons,pressing iron for sale,Phrase,0.25,https://shop.websitesgh.com/product-category/laundry/
WGH Shop - Search - Appliances,Pressing Irons,pressing iron online,Phrase,0.25,https://shop.websitesgh.com/product-category/laundry/
WGH Shop - Search - Appliances,Pressing Irons,steam iron ghana,Phrase,0.25,https://shop.websitesgh.com/product-category/laundry/
WGH Shop - Search - Appliances,Pressing Irons,steam iron accra,Phrase,0.25,https://shop.websitesgh.com/product-category/laundry/
WGH Shop - Search - Appliances,Pressing Irons,steam iron in ghana,Phrase,0.25,https://shop.websitesgh.com/product-category/laundry/
WGH Shop - Search - Appliances,Pressing Irons,steam iron in accra,Phrase,0.25,https://shop.websitesgh.com/product-category/laundry/
WGH Shop - Search - Appliances,Pressing Irons,buy steam iron,Phrase,0.25,https://shop.websitesgh.com/product-category/laundry/
WGH Shop - Search - Appliances,Pressing Irons,steam iron price,Phrase,0.25,https://shop.websitesgh.com/product-category/laundry/
WGH Shop - Search - Appliances,Pressing Irons,steam iron price in ghana,Phrase,0.25,https://shop.websitesgh.com/product-category/laundry/
WGH Shop - Search - Appliances,Pressing Irons,steam iron for sale,Phrase,0.25,https://shop.websitesgh.com/product-category/laundry/
WGH Shop - Search - Appliances,Pressing Irons,steam iron online,Phrase,0.25,https://shop.websitesgh.com/product-category/laundry/
WGH Shop - Search - Appliances,Pressing Irons,electric iron ghana,Phrase,0.25,https://shop.websitesgh.com/product-category/laundry/
WGH Shop - Search - Appliances,Pressing Irons,electric iron accra,Phrase,0.25,https://shop.websitesgh.com/product-category/laundry/
WGH Shop - Search - Appliances,Pressing Irons,electric iron in ghana,Phrase,0.25,https://shop.websitesgh.com/product-category/laundry/
WGH Shop - Search - Appliances,Pressing Irons,electric iron in accra,Phrase,0.25,https://shop.websitesgh.com/product-category/laundry/
WGH Shop - Search - Appliances,Pressing Irons,buy electric iron,Phrase,0.25,https://shop.websitesgh.com/product-category/laundry/
WGH Shop - Search - Appliances,Pressing Irons,electric iron price,Phrase,0.25,https://shop.websitesgh.com/product-category/laundry/
WGH Shop - Search - Appliances,Pressing Irons,electric iron price in ghana,Phrase,0.25,https://shop.websitesgh.com/product-category/laundry/
WGH Shop - Search - Appliances,Pressing Irons,electric iron for sale,Phrase,0.25,https://shop.websitesgh.com/product-category/laundry/
WGH Shop - Search - Appliances,Pressing Irons,electric iron online,Phrase,0.25,https://shop.websitesgh.com/product-category/laundry/
WGH Shop - Search - Appliances,Pressing Irons,clothes iron ghana,Phrase,0.25,https://shop.websitesgh.com/product-category/laundry/
WGH Shop - Search - Appliances,Pressing Irons,clothes iron accra,Phrase,0.25,https://shop.websitesgh.com/product-category/laundry/
WGH Shop - Search - Appliances,Pressing Irons,clothes iron in ghana,Phrase,0.25,https://shop.websitesgh.com/product-category/laundry/
WGH Shop - Search - Appliances,Pressing Irons,clothes iron in accra,Phrase,0.25,https://shop.websitesgh.com/product-category/laundry/
WGH Shop - Search - Appliances,Pressing Irons,buy clothes iron,Phrase,0.25,https://shop.websitesgh.com/product-category/laundry/
WGH Shop - Search - Appliances,Pressing Irons,clothes iron price,Phrase,0.25,https://shop.websitesgh.com/product-category/laundry/
WGH Shop - Search - Appliances,Pressing Irons,clothes iron price in ghana,Phrase,0.25,https://shop.websitesgh.com/product-category/laundry/
WGH Shop - Search - Appliances,Pressing Irons,clothes iron for sale,Phrase,0.25,https://shop.websitesgh.com/product-category/laundry/
WGH Shop - Search - Appliances,Pressing Irons,clothes iron online,Phrase,0.25,https://shop.websitesgh.com/product-category/laundry/
WGH Shop - Search - Appliances,Rechargeable Fans,rechargeable fan price in ghana,Exact,0.30,https://shop.websitesgh.com/product-category/lighting-power/
WGH Shop - Search - Appliances,Rechargeable Fans,buy rechargeable fan in ghana,Exact,0.30,https://shop.websitesgh.com/product-category/lighting-power/
WGH Shop - Search - Appliances,Rechargeable Fans,rechargeable fan ghana,Phrase,0.25,https://shop.websitesgh.com/product-category/lighting-power/
WGH Shop - Search - Appliances,Rechargeable Fans,rechargeable fan accra,Phrase,0.25,https://shop.websitesgh.com/product-category/lighting-power/
WGH Shop - Search - Appliances,Rechargeable Fans,rechargeable fan in ghana,Phrase,0.25,https://shop.websitesgh.com/product-category/lighting-power/
WGH Shop - Search - Appliances,Rechargeable Fans,rechargeable fan in accra,Phrase,0.25,https://shop.websitesgh.com/product-category/lighting-power/
WGH Shop - Search - Appliances,Rechargeable Fans,buy rechargeable fan,Phrase,0.25,https://shop.websitesgh.com/product-category/lighting-power/
WGH Shop - Search - Appliances,Rechargeable Fans,rechargeable fan price,Phrase,0.25,https://shop.websitesgh.com/product-category/lighting-power/
WGH Shop - Search - Appliances,Rechargeable Fans,rechargeable fan price in ghana,Phrase,0.25,https://shop.websitesgh.com/product-category/lighting-power/
WGH Shop - Search - Appliances,Rechargeable Fans,rechargeable fan for sale,Phrase,0.25,https://shop.websitesgh.com/product-category/lighting-power/
WGH Shop - Search - Appliances,Rechargeable Fans,rechargeable fan online,Phrase,0.25,https://shop.websitesgh.com/product-category/lighting-power/
WGH Shop - Search - Appliances,Rechargeable Fans,standing fan ghana,Phrase,0.25,https://shop.websitesgh.com/product-category/lighting-power/
WGH Shop - Search - Appliances,Rechargeable Fans,standing fan accra,Phrase,0.25,https://shop.websitesgh.com/product-category/lighting-power/
WGH Shop - Search - Appliances,Rechargeable Fans,standing fan in ghana,Phrase,0.25,https://shop.websitesgh.com/product-category/lighting-power/
WGH Shop - Search - Appliances,Rechargeable Fans,standing fan in accra,Phrase,0.25,https://shop.websitesgh.com/product-category/lighting-power/
WGH Shop - Search - Appliances,Rechargeable Fans,buy standing fan,Phrase,0.25,https://shop.websitesgh.com/product-category/lighting-power/
WGH Shop - Search - Appliances,Rechargeable Fans,standing fan price,Phrase,0.25,https://shop.websitesgh.com/product-category/lighting-power/
WGH Shop - Search - Appliances,Rechargeable Fans,standing fan price in ghana,Phrase,0.25,https://shop.websitesgh.com/product-category/lighting-power/
WGH Shop - Search - Appliances,Rechargeable Fans,standing fan for sale,Phrase,0.25,https://shop.websitesgh.com/product-category/lighting-power/
WGH Shop - Search - Appliances,Rechargeable Fans,standing fan online,Phrase,0.25,https://shop.websitesgh.com/product-category/lighting-power/
WGH Shop - Search - Appliances,Rechargeable Fans,table fan ghana,Phrase,0.25,https://shop.websitesgh.com/product-category/lighting-power/
WGH Shop - Search - Appliances,Rechargeable Fans,table fan accra,Phrase,0.25,https://shop.websitesgh.com/product-category/lighting-power/
WGH Shop - Search - Appliances,Rechargeable Fans,table fan in ghana,Phrase,0.25,https://shop.websitesgh.com/product-category/lighting-power/
WGH Shop - Search - Appliances,Rechargeable Fans,table fan in accra,Phrase,0.25,https://shop.websitesgh.com/product-category/lighting-power/
WGH Shop - Search - Appliances,Rechargeable Fans,buy table fan,Phrase,0.25,https://shop.websitesgh.com/product-category/lighting-power/
WGH Shop - Search - Appliances,Rechargeable Fans,table fan price,Phrase,0.25,https://shop.websitesgh.com/product-category/lighting-power/
WGH Shop - Search - Appliances,Rechargeable Fans,table fan price in ghana,Phrase,0.25,https://shop.websitesgh.com/product-category/lighting-power/
WGH Shop - Search - Appliances,Rechargeable Fans,table fan for sale,Phrase,0.25,https://shop.websitesgh.com/product-category/lighting-power/
WGH Shop - Search - Appliances,Rechargeable Fans,table fan online,Phrase,0.25,https://shop.websitesgh.com/product-category/lighting-power/
WGH Shop - Search - Appliances,Rechargeable Fans,usb fan ghana,Phrase,0.25,https://shop.websitesgh.com/product-category/lighting-power/
WGH Shop - Search - Appliances,Rechargeable Fans,usb fan accra,Phrase,0.25,https://shop.websitesgh.com/product-category/lighting-power/
WGH Shop - Search - Appliances,Rechargeable Fans,usb fan in ghana,Phrase,0.25,https://shop.websitesgh.com/product-category/lighting-power/
WGH Shop - Search - Appliances,Rechargeable Fans,usb fan in accra,Phrase,0.25,https://shop.websitesgh.com/product-category/lighting-power/
WGH Shop - Search - Appliances,Rechargeable Fans,buy usb fan,Phrase,0.25,https://shop.websitesgh.com/product-category/lighting-power/
WGH Shop - Search - Appliances,Rechargeable Fans,usb fan price,Phrase,0.25,https://shop.websitesgh.com/product-category/lighting-power/
WGH Shop - Search - Appliances,Rechargeable Fans,usb fan price in ghana,Phrase,0.25,https://shop.websitesgh.com/product-category/lighting-power/
WGH Shop - Search - Appliances,Rechargeable Fans,usb fan for sale,Phrase,0.25,https://shop.websitesgh.com/product-category/lighting-power/
WGH Shop - Search - Appliances,Rechargeable Fans,usb fan online,Phrase,0.25,https://shop.websitesgh.com/product-category/lighting-power/
WGH Shop - Search - Appliances,Rechargeable Lamps,rechargeable lamp price in ghana,Exact,0.30,https://shop.websitesgh.com/product-category/lighting-power/
WGH Shop - Search - Appliances,Rechargeable Lamps,buy rechargeable lamp in ghana,Exact,0.30,https://shop.websitesgh.com/product-category/lighting-power/
WGH Shop - Search - Appliances,Rechargeable Lamps,rechargeable lamp ghana,Phrase,0.25,https://shop.websitesgh.com/product-category/lighting-power/
WGH Shop - Search - Appliances,Rechargeable Lamps,rechargeable lamp accra,Phrase,0.25,https://shop.websitesgh.com/product-category/lighting-power/
WGH Shop - Search - Appliances,Rechargeable Lamps,rechargeable lamp in ghana,Phrase,0.25,https://shop.websitesgh.com/product-category/lighting-power/
WGH Shop - Search - Appliances,Rechargeable Lamps,rechargeable lamp in accra,Phrase,0.25,https://shop.websitesgh.com/product-category/lighting-power/
WGH Shop - Search - Appliances,Rechargeable Lamps,buy rechargeable lamp,Phrase,0.25,https://shop.websitesgh.com/product-category/lighting-power/
WGH Shop - Search - Appliances,Rechargeable Lamps,rechargeable lamp price,Phrase,0.25,https://shop.websitesgh.com/product-category/lighting-power/
WGH Shop - Search - Appliances,Rechargeable Lamps,rechargeable lamp price in ghana,Phrase,0.25,https://shop.websitesgh.com/product-category/lighting-power/
WGH Shop - Search - Appliances,Rechargeable Lamps,rechargeable lamp for sale,Phrase,0.25,https://shop.websitesgh.com/product-category/lighting-power/
WGH Shop - Search - Appliances,Rechargeable Lamps,rechargeable lamp online,Phrase,0.25,https://shop.websitesgh.com/product-category/lighting-power/
WGH Shop - Search - Appliances,Rechargeable Lamps,emergency light ghana,Phrase,0.25,https://shop.websitesgh.com/product-category/lighting-power/
WGH Shop - Search - Appliances,Rechargeable Lamps,emergency light accra,Phrase,0.25,https://shop.websitesgh.com/product-category/lighting-power/
WGH Shop - Search - Appliances,Rechargeable Lamps,emergency light in ghana,Phrase,0.25,https://shop.websitesgh.com/product-category/lighting-power/
WGH Shop - Search - Appliances,Rechargeable Lamps,emergency light in accra,Phrase,0.25,https://shop.websitesgh.com/product-category/lighting-power/
WGH Shop - Search - Appliances,Rechargeable Lamps,buy emergency light,Phrase,0.25,https://shop.websitesgh.com/product-category/lighting-power/
WGH Shop - Search - Appliances,Rechargeable Lamps,emergency light price,Phrase,0.25,https://shop.websitesgh.com/product-category/lighting-power/
WGH Shop - Search - Appliances,Rechargeable Lamps,emergency light price in ghana,Phrase,0.25,https://shop.websitesgh.com/product-category/lighting-power/
WGH Shop - Search - Appliances,Rechargeable Lamps,emergency light for sale,Phrase,0.25,https://shop.websitesgh.com/product-category/lighting-power/
WGH Shop - Search - Appliances,Rechargeable Lamps,emergency light online,Phrase,0.25,https://shop.websitesgh.com/product-category/lighting-power/
WGH Shop - Search - Appliances,Rechargeable Lamps,rechargeable light ghana,Phrase,0.25,https://shop.websitesgh.com/product-category/lighting-power/
WGH Shop - Search - Appliances,Rechargeable Lamps,rechargeable light accra,Phrase,0.25,https://shop.websitesgh.com/product-category/lighting-power/
WGH Shop - Search - Appliances,Rechargeable Lamps,rechargeable light in ghana,Phrase,0.25,https://shop.websitesgh.com/product-category/lighting-power/
WGH Shop - Search - Appliances,Rechargeable Lamps,rechargeable light in accra,Phrase,0.25,https://shop.websitesgh.com/product-category/lighting-power/
WGH Shop - Search - Appliances,Rechargeable Lamps,buy rechargeable light,Phrase,0.25,https://shop.websitesgh.com/product-category/lighting-power/
WGH Shop - Search - Appliances,Rechargeable Lamps,rechargeable light price,Phrase,0.25,https://shop.websitesgh.com/product-category/lighting-power/
WGH Shop - Search - Appliances,Rechargeable Lamps,rechargeable light price in ghana,Phrase,0.25,https://shop.websitesgh.com/product-category/lighting-power/
WGH Shop - Search - Appliances,Rechargeable Lamps,rechargeable light for sale,Phrase,0.25,https://shop.websitesgh.com/product-category/lighting-power/
WGH Shop - Search - Appliances,Rechargeable Lamps,rechargeable light online,Phrase,0.25,https://shop.websitesgh.com/product-category/lighting-power/
WGH Shop - Search - Appliances,Rechargeable Lamps,solar lamp ghana,Phrase,0.25,https://shop.websitesgh.com/product-category/lighting-power/
WGH Shop - Search - Appliances,Rechargeable Lamps,solar lamp accra,Phrase,0.25,https://shop.websitesgh.com/product-category/lighting-power/
WGH Shop - Search - Appliances,Rechargeable Lamps,solar lamp in ghana,Phrase,0.25,https://shop.websitesgh.com/product-category/lighting-power/
WGH Shop - Search - Appliances,Rechargeable Lamps,solar lamp in accra,Phrase,0.25,https://shop.websitesgh.com/product-category/lighting-power/
WGH Shop - Search - Appliances,Rechargeable Lamps,buy solar lamp,Phrase,0.25,https://shop.websitesgh.com/product-category/lighting-power/
WGH Shop - Search - Appliances,Rechargeable Lamps,solar lamp price,Phrase,0.25,https://shop.websitesgh.com/product-category/lighting-power/
WGH Shop - Search - Appliances,Rechargeable Lamps,solar lamp price in ghana,Phrase,0.25,https://shop.websitesgh.com/product-category/lighting-power/
WGH Shop - Search - Appliances,Rechargeable Lamps,solar lamp for sale,Phrase,0.25,https://shop.websitesgh.com/product-category/lighting-power/
WGH Shop - Search - Appliances,Rechargeable Lamps,solar lamp online,Phrase,0.25,https://shop.websitesgh.com/product-category/lighting-power/
WGH Shop - Search - Appliances,School Bags,school bag price in ghana,Exact,0.30,https://shop.websitesgh.com/product-category/school-bags/
WGH Shop - Search - Appliances,School Bags,buy school bag in ghana,Exact,0.30,https://shop.websitesgh.com/product-category/school-bags/
WGH Shop - Search - Appliances,School Bags,school bag ghana,Phrase,0.25,https://shop.websitesgh.com/product-category/school-bags/
WGH Shop - Search - Appliances,School Bags,school bag accra,Phrase,0.25,https://shop.websitesgh.com/product-category/school-bags/
WGH Shop - Search - Appliances,School Bags,school bag in ghana,Phrase,0.25,https://shop.websitesgh.com/product-category/school-bags/
WGH Shop - Search - Appliances,School Bags,school bag in accra,Phrase,0.25,https://shop.websitesgh.com/product-category/school-bags/
WGH Shop - Search - Appliances,School Bags,buy school bag,Phrase,0.25,https://shop.websitesgh.com/product-category/school-bags/
WGH Shop - Search - Appliances,School Bags,school bag price,Phrase,0.25,https://shop.websitesgh.com/product-category/school-bags/
WGH Shop - Search - Appliances,School Bags,school bag price in ghana,Phrase,0.25,https://shop.websitesgh.com/product-category/school-bags/
WGH Shop - Search - Appliances,School Bags,school bag for sale,Phrase,0.25,https://shop.websitesgh.com/product-category/school-bags/
WGH Shop - Search - Appliances,School Bags,school bag online,Phrase,0.25,https://shop.websitesgh.com/product-category/school-bags/
WGH Shop - Search - Appliances,School Bags,school bag set ghana,Phrase,0.25,https://shop.websitesgh.com/product-category/school-bags/
WGH Shop - Search - Appliances,School Bags,school bag set accra,Phrase,0.25,https://shop.websitesgh.com/product-category/school-bags/
WGH Shop - Search - Appliances,School Bags,school bag set in ghana,Phrase,0.25,https://shop.websitesgh.com/product-category/school-bags/
WGH Shop - Search - Appliances,School Bags,school bag set in accra,Phrase,0.25,https://shop.websitesgh.com/product-category/school-bags/
WGH Shop - Search - Appliances,School Bags,buy school bag set,Phrase,0.25,https://shop.websitesgh.com/product-category/school-bags/
WGH Shop - Search - Appliances,School Bags,school bag set price,Phrase,0.25,https://shop.websitesgh.com/product-category/school-bags/
WGH Shop - Search - Appliances,School Bags,school bag set price in ghana,Phrase,0.25,https://shop.websitesgh.com/product-category/school-bags/
WGH Shop - Search - Appliances,School Bags,school bag set for sale,Phrase,0.25,https://shop.websitesgh.com/product-category/school-bags/
WGH Shop - Search - Appliances,School Bags,school bag set online,Phrase,0.25,https://shop.websitesgh.com/product-category/school-bags/
WGH Shop - Search - Appliances,School Bags,backpack ghana,Phrase,0.25,https://shop.websitesgh.com/product-category/school-bags/
WGH Shop - Search - Appliances,School Bags,backpack accra,Phrase,0.25,https://shop.websitesgh.com/product-category/school-bags/
WGH Shop - Search - Appliances,School Bags,backpack in ghana,Phrase,0.25,https://shop.websitesgh.com/product-category/school-bags/
WGH Shop - Search - Appliances,School Bags,backpack in accra,Phrase,0.25,https://shop.websitesgh.com/product-category/school-bags/
WGH Shop - Search - Appliances,School Bags,buy backpack,Phrase,0.25,https://shop.websitesgh.com/product-category/school-bags/
WGH Shop - Search - Appliances,School Bags,backpack price,Phrase,0.25,https://shop.websitesgh.com/product-category/school-bags/
WGH Shop - Search - Appliances,School Bags,backpack price in ghana,Phrase,0.25,https://shop.websitesgh.com/product-category/school-bags/
WGH Shop - Search - Appliances,School Bags,backpack for sale,Phrase,0.25,https://shop.websitesgh.com/product-category/school-bags/
WGH Shop - Search - Appliances,School Bags,backpack online,Phrase,0.25,https://shop.websitesgh.com/product-category/school-bags/
WGH Shop - Search - Appliances,Hair Clippers,hair clipper price in ghana,Exact,0.30,https://shop.websitesgh.com/product-category/personal-care/
WGH Shop - Search - Appliances,Hair Clippers,buy hair clipper in ghana,Exact,0.30,https://shop.websitesgh.com/product-category/personal-care/
WGH Shop - Search - Appliances,Hair Clippers,hair clipper ghana,Phrase,0.25,https://shop.websitesgh.com/product-category/personal-care/
WGH Shop - Search - Appliances,Hair Clippers,hair clipper accra,Phrase,0.25,https://shop.websitesgh.com/product-category/personal-care/
WGH Shop - Search - Appliances,Hair Clippers,hair clipper in ghana,Phrase,0.25,https://shop.websitesgh.com/product-category/personal-care/
WGH Shop - Search - Appliances,Hair Clippers,hair clipper in accra,Phrase,0.25,https://shop.websitesgh.com/product-category/personal-care/
WGH Shop - Search - Appliances,Hair Clippers,buy hair clipper,Phrase,0.25,https://shop.websitesgh.com/product-category/personal-care/
WGH Shop - Search - Appliances,Hair Clippers,hair clipper price,Phrase,0.25,https://shop.websitesgh.com/product-category/personal-care/
WGH Shop - Search - Appliances,Hair Clippers,hair clipper price in ghana,Phrase,0.25,https://shop.websitesgh.com/product-category/personal-care/
WGH Shop - Search - Appliances,Hair Clippers,hair clipper for sale,Phrase,0.25,https://shop.websitesgh.com/product-category/personal-care/
WGH Shop - Search - Appliances,Hair Clippers,hair clipper online,Phrase,0.25,https://shop.websitesgh.com/product-category/personal-care/
WGH Shop - Search - Appliances,Hair Clippers,clipper ghana,Phrase,0.25,https://shop.websitesgh.com/product-category/personal-care/
WGH Shop - Search - Appliances,Hair Clippers,clipper accra,Phrase,0.25,https://shop.websitesgh.com/product-category/personal-care/
WGH Shop - Search - Appliances,Hair Clippers,clipper in ghana,Phrase,0.25,https://shop.websitesgh.com/product-category/personal-care/
WGH Shop - Search - Appliances,Hair Clippers,clipper in accra,Phrase,0.25,https://shop.websitesgh.com/product-category/personal-care/
WGH Shop - Search - Appliances,Hair Clippers,buy clipper,Phrase,0.25,https://shop.websitesgh.com/product-category/personal-care/
WGH Shop - Search - Appliances,Hair Clippers,clipper price,Phrase,0.25,https://shop.websitesgh.com/product-category/personal-care/
WGH Shop - Search - Appliances,Hair Clippers,clipper price in ghana,Phrase,0.25,https://shop.websitesgh.com/product-category/personal-care/
WGH Shop - Search - Appliances,Hair Clippers,clipper for sale,Phrase,0.25,https://shop.websitesgh.com/product-category/personal-care/
WGH Shop - Search - Appliances,Hair Clippers,clipper online,Phrase,0.25,https://shop.websitesgh.com/product-category/personal-care/
WGH Shop - Search - Appliances,Hair Clippers,hair trimmer ghana,Phrase,0.25,https://shop.websitesgh.com/product-category/personal-care/
WGH Shop - Search - Appliances,Hair Clippers,hair trimmer accra,Phrase,0.25,https://shop.websitesgh.com/product-category/personal-care/
WGH Shop - Search - Appliances,Hair Clippers,hair trimmer in ghana,Phrase,0.25,https://shop.websitesgh.com/product-category/personal-care/
WGH Shop - Search - Appliances,Hair Clippers,hair trimmer in accra,Phrase,0.25,https://shop.websitesgh.com/product-category/personal-care/
WGH Shop - Search - Appliances,Hair Clippers,buy hair trimmer,Phrase,0.25,https://shop.websitesgh.com/product-category/personal-care/
WGH Shop - Search - Appliances,Hair Clippers,hair trimmer price,Phrase,0.25,https://shop.websitesgh.com/product-category/personal-care/
WGH Shop - Search - Appliances,Hair Clippers,hair trimmer price in ghana,Phrase,0.25,https://shop.websitesgh.com/product-category/personal-care/
WGH Shop - Search - Appliances,Hair Clippers,hair trimmer for sale,Phrase,0.25,https://shop.websitesgh.com/product-category/personal-care/
WGH Shop - Search - Appliances,Hair Clippers,hair trimmer online,Phrase,0.25,https://shop.websitesgh.com/product-category/personal-care/
WGH Shop - Search - Appliances,Hair Clippers,shaving machine ghana,Phrase,0.25,https://shop.websitesgh.com/product-category/personal-care/
WGH Shop - Search - Appliances,Hair Clippers,shaving machine accra,Phrase,0.25,https://shop.websitesgh.com/product-category/personal-care/
WGH Shop - Search - Appliances,Hair Clippers,shaving machine in ghana,Phrase,0.25,https://shop.websitesgh.com/product-category/personal-care/
WGH Shop - Search - Appliances,Hair Clippers,shaving machine in accra,Phrase,0.25,https://shop.websitesgh.com/product-category/personal-care/
WGH Shop - Search - Appliances,Hair Clippers,buy shaving machine,Phrase,0.25,https://shop.websitesgh.com/product-category/personal-care/
WGH Shop - Search - Appliances,Hair Clippers,shaving machine price,Phrase,0.25,https://shop.websitesgh.com/product-category/personal-care/
WGH Shop - Search - Appliances,Hair Clippers,shaving machine price in ghana,Phrase,0.25,https://shop.websitesgh.com/product-category/personal-care/
WGH Shop - Search - Appliances,Hair Clippers,shaving machine for sale,Phrase,0.25,https://shop.websitesgh.com/product-category/personal-care/
WGH Shop - Search - Appliances,Hair Clippers,shaving machine online,Phrase,0.25,https://shop.websitesgh.com/product-category/personal-care/
WGH Shop - Search - Appliances,Hair Dryers,hair dryer price in ghana,Exact,0.30,https://shop.websitesgh.com/product-category/personal-care/
WGH Shop - Search - Appliances,Hair Dryers,buy hair dryer in ghana,Exact,0.30,https://shop.websitesgh.com/product-category/personal-care/
WGH Shop - Search - Appliances,Hair Dryers,hair dryer ghana,Phrase,0.25,https://shop.websitesgh.com/product-category/personal-care/
WGH Shop - Search - Appliances,Hair Dryers,hair dryer accra,Phrase,0.25,https://shop.websitesgh.com/product-category/personal-care/
WGH Shop - Search - Appliances,Hair Dryers,hair dryer in ghana,Phrase,0.25,https://shop.websitesgh.com/product-category/personal-care/
WGH Shop - Search - Appliances,Hair Dryers,hair dryer in accra,Phrase,0.25,https://shop.websitesgh.com/product-category/personal-care/
WGH Shop - Search - Appliances,Hair Dryers,buy hair dryer,Phrase,0.25,https://shop.websitesgh.com/product-category/personal-care/
WGH Shop - Search - Appliances,Hair Dryers,hair dryer price,Phrase,0.25,https://shop.websitesgh.com/product-category/personal-care/
WGH Shop - Search - Appliances,Hair Dryers,hair dryer price in ghana,Phrase,0.25,https://shop.websitesgh.com/product-category/personal-care/
WGH Shop - Search - Appliances,Hair Dryers,hair dryer for sale,Phrase,0.25,https://shop.websitesgh.com/product-category/personal-care/
WGH Shop - Search - Appliances,Hair Dryers,hair dryer online,Phrase,0.25,https://shop.websitesgh.com/product-category/personal-care/
WGH Shop - Search - Appliances,Hair Dryers,blow dryer ghana,Phrase,0.25,https://shop.websitesgh.com/product-category/personal-care/
WGH Shop - Search - Appliances,Hair Dryers,blow dryer accra,Phrase,0.25,https://shop.websitesgh.com/product-category/personal-care/
WGH Shop - Search - Appliances,Hair Dryers,blow dryer in ghana,Phrase,0.25,https://shop.websitesgh.com/product-category/personal-care/
WGH Shop - Search - Appliances,Hair Dryers,blow dryer in accra,Phrase,0.25,https://shop.websitesgh.com/product-category/personal-care/
WGH Shop - Search - Appliances,Hair Dryers,buy blow dryer,Phrase,0.25,https://shop.websitesgh.com/product-category/personal-care/
WGH Shop - Search - Appliances,Hair Dryers,blow dryer price,Phrase,0.25,https://shop.websitesgh.com/product-category/personal-care/
WGH Shop - Search - Appliances,Hair Dryers,blow dryer price in ghana,Phrase,0.25,https://shop.websitesgh.com/product-category/personal-care/
WGH Shop - Search - Appliances,Hair Dryers,blow dryer for sale,Phrase,0.25,https://shop.websitesgh.com/product-category/personal-care/
WGH Shop - Search - Appliances,Hair Dryers,blow dryer online,Phrase,0.25,https://shop.websitesgh.com/product-category/personal-care/
WGH Shop - Search - Appliances,Brands - Kitchen,binatone blender,Phrase,0.28,https://shop.websitesgh.com/product-category/kitchen-home/
WGH Shop - Search - Appliances,Brands - Kitchen,binatone blender ghana,Phrase,0.28,https://shop.websitesgh.com/product-category/kitchen-home/
WGH Shop - Search - Appliances,Brands - Kitchen,silver crest blender,Phrase,0.28,https://shop.websitesgh.com/product-category/kitchen-home/
WGH Shop - Search - Appliances,Brands - Kitchen,silver crest blender ghana,Phrase,0.28,https://shop.websitesgh.com/product-category/kitchen-home/
WGH Shop - Search - Appliances,Brands - Kitchen,nasco blender,Phrase,0.28,https://shop.websitesgh.com/product-category/kitchen-home/
WGH Shop - Search - Appliances,Brands - Kitchen,nasco blender ghana,Phrase,0.28,https://shop.websitesgh.com/product-category/kitchen-home/
WGH Shop - Search - Appliances,Brands - Kitchen,bruhm blender,Phrase,0.28,https://shop.websitesgh.com/product-category/kitchen-home/
WGH Shop - Search - Appliances,Brands - Kitchen,bruhm blender ghana,Phrase,0.28,https://shop.websitesgh.com/product-category/kitchen-home/
WGH Shop - Search - Appliances,Brands - Kitchen,sayona blender,Phrase,0.28,https://shop.websitesgh.com/product-category/kitchen-home/
WGH Shop - Search - Appliances,Brands - Kitchen,sayona blender ghana,Phrase,0.28,https://shop.websitesgh.com/product-category/kitchen-home/
WGH Shop - Search - Appliances,Brands - Kitchen,binatone kettle,Phrase,0.28,https://shop.websitesgh.com/product-category/kitchen-home/
WGH Shop - Search - Appliances,Brands - Kitchen,binatone kettle ghana,Phrase,0.28,https://shop.websitesgh.com/product-category/kitchen-home/
WGH Shop - Search - Appliances,Brands - Kitchen,nasco microwave,Phrase,0.28,https://shop.websitesgh.com/product-category/kitchen-home/
WGH Shop - Search - Appliances,Brands - Kitchen,nasco microwave ghana,Phrase,0.28,https://shop.websitesgh.com/product-category/kitchen-home/
WGH Shop - Search - Appliances,Brands - Kitchen,binatone rice cooker,Phrase,0.28,https://shop.websitesgh.com/product-category/kitchen-home/
WGH Shop - Search - Appliances,Brands - Kitchen,binatone rice cooker ghana,Phrase,0.28,https://shop.websitesgh.com/product-category/kitchen-home/
WGH Shop - Search - Appliances,Brands - Kitchen,saachi blender,Phrase,0.28,https://shop.websitesgh.com/product-category/kitchen-home/
WGH Shop - Search - Appliances,Brands - Kitchen,saachi blender ghana,Phrase,0.28,https://shop.websitesgh.com/product-category/kitchen-home/
WGH Shop - Search - Appliances,Brands - Kitchen,nunix blender,Phrase,0.28,https://shop.websitesgh.com/product-category/kitchen-home/
WGH Shop - Search - Appliances,Brands - Kitchen,nunix blender ghana,Phrase,0.28,https://shop.websitesgh.com/product-category/kitchen-home/
WGH Shop - Search - Appliances,Brands - Home,binatone fan,Phrase,0.28,https://shop.websitesgh.com/product-category/lighting-power/
WGH Shop - Search - Appliances,Brands - Home,binatone fan ghana,Phrase,0.28,https://shop.websitesgh.com/product-category/lighting-power/
WGH Shop - Search - Appliances,Brands - Home,nasco fan,Phrase,0.28,https://shop.websitesgh.com/product-category/lighting-power/
WGH Shop - Search - Appliances,Brands - Home,nasco fan ghana,Phrase,0.28,https://shop.websitesgh.com/product-category/lighting-power/
WGH Shop - Search - Appliances,Brands - Home,bruhm fan,Phrase,0.28,https://shop.websitesgh.com/product-category/lighting-power/
WGH Shop - Search - Appliances,Brands - Home,bruhm fan ghana,Phrase,0.28,https://shop.websitesgh.com/product-category/lighting-power/
WGH Shop - Search - Appliances,Brands - Home,sonik rechargeable fan,Phrase,0.28,https://shop.websitesgh.com/product-category/lighting-power/
WGH Shop - Search - Appliances,Brands - Home,sonik rechargeable fan ghana,Phrase,0.28,https://shop.websitesgh.com/product-category/lighting-power/
WGH Shop - Search - Appliances,Umbrella - Appliances,home appliances ghana,Phrase,0.25,https://shop.websitesgh.com/shop/
WGH Shop - Search - Appliances,Umbrella - Appliances,kitchen appliances ghana,Phrase,0.25,https://shop.websitesgh.com/shop/
WGH Shop - Search - Appliances,Umbrella - Appliances,electrical appliances accra,Phrase,0.25,https://shop.websitesgh.com/shop/
WGH Shop - Search - Appliances,Umbrella - Appliances,buy appliances online ghana,Phrase,0.25,https://shop.websitesgh.com/shop/
WGH Shop - Search - Appliances,Umbrella - Appliances,home appliances accra,Phrase,0.25,https://shop.websitesgh.com/shop/
WGH Shop - Search - Appliances,Umbrella - Appliances,kitchen appliances accra,Phrase,0.25,https://shop.websitesgh.com/shop/
WGH Shop - Search - Appliances,Umbrella - Appliances,small appliances ghana,Phrase,0.25,https://shop.websitesgh.com/shop/
WGH Shop - Search - Appliances,Umbrella - Appliances,online shopping ghana appliances,Phrase,0.25,https://shop.websitesgh.com/shop/
WGH Shop - Search - Appliances,Umbrella - Appliances,appliance shop accra,Phrase,0.25,https://shop.websitesgh.com/shop/
WGH Shop - Search - Appliances,Umbrella - Appliances,buy electronics online ghana,Phrase,0.25,https://shop.websitesgh.com/shop/
