Campaign,Negative Keyword,Match Type
WGH Shop - Search - Appliances,free,Phrase
WGH Shop - Search - Appliances,cheap,Phrase
WGH Shop - Search - Appliances,cheapest,Phrase
WGH Shop - Search - Appliances,second hand,Phrase
WGH Shop - Search - Appliances,used,Phrase
WGH Shop - Search - Appliances,fairly used,Phrase
WGH Shop - Search - Appliances,home used,Phrase
WGH Shop - Search - Appliances,tokunbo,Phrase
WGH Shop - Search - Appliances,repair,Phrase
WGH Shop - Search - Appliances,fix,Phrase
WGH Shop - Search - Appliances,fixing,Phrase
WGH Shop - Search - Appliances,service,Phrase
WGH Shop - Search - Appliances,servicing,Phrase
WGH Shop - Search - Appliances,spare parts,Phrase
WGH Shop - Search - Appliances,manual,Phrase
WGH Shop - Search - Appliances,how to,Phrase
WGH Shop - Search - Appliances,rent,Phrase
WGH Shop - Search - Appliances,rental,Phrase
WGH Shop - Search - Appliances,hire,Phrase
WGH Shop - Search - Appliances,job,Phrase
WGH Shop - Search - Appliances,jobs,Phrase
WGH Shop - Search - Appliances,salary,Phrase
WGH Shop - Search - Appliances,wholesale supplier,Phrase
WGH Shop - Search - Appliances,importer,Phrase
WGH Shop - Search - Appliances,distributor wanted,Phrase
WGH Shop - Search - Appliances,factory,Phrase
WGH Shop - Search - Appliances,manufacturer,Phrase
WGH Shop - Search - Appliances,review only,Phrase
WGH Shop - Search - Appliances,reviews,Phrase
WGH Shop - Search - Appliances,jumia,Phrase
WGH Shop - Search - Appliances,jiji,Phrase
WGH Shop - Search - Appliances,amazon,Phrase
WGH Shop - Search - Appliances,aliexpress,Phrase
WGH Shop - Search - Appliances,alibaba,Phrase
WGH Shop - Search - Appliances,melcom,Phrase
WGH Shop - Search - Appliances,china mall,Phrase
WGH Shop - Search - Appliances,recipe,Phrase
WGH Shop - Search - Appliances,recipes,Phrase
WGH Shop - Search - Appliances,meaning,Phrase
WGH Shop - Search - Appliances,definition,Phrase
WGH Shop - Search - Appliances,wikipedia,Phrase
WGH Shop - Search - Appliances,download,Phrase
WGH Shop - Search - Appliances,pdf,Phrase
WGH Shop - Search - Appliances,how it works,Phrase
WGH Shop - Search - Appliances,how does,Phrase
WGH Shop - Search - Appliances,diy,Phrase
WGH Shop - Search - Appliances,make your own,Phrase
WGH Shop - Search - Appliances,picture,Phrase
WGH Shop - Search - Appliances,images,Phrase
WGH Shop - Search - Appliances,wallpaper,Phrase
WGH Shop - Search - Appliances,electrician,Phrase
WGH Shop - Search - Appliances,technician course,Phrase
WGH Shop - Search - Appliances,training,Phrase
WGH Shop - Search - Appliances,learn,Phrase
WGH Shop - Search - Appliances,school of,Phrase
