Campaign,Ad Group,Field Type,Text
WGH Shop - Search - Appliances,Blenders,Headline,Blenders in Ghana
WGH Shop - Search - Appliances,Blenders,Headline,Blenders - Pay On Delivery
WGH Shop - Search - Appliances,Blenders,Headline,Buy Blenders in Accra
WGH Shop - Search - Appliances,Blenders,Headline,Same Day Delivery in Accra
WGH Shop - Search - Appliances,Blenders,Headline,Pay The Rider On Delivery
WGH Shop - Search - Appliances,Blenders,Headline,Check It Before You Pay
WGH Shop - Search - Appliances,Blenders,Headline,"Genuine, New, Sealed"
WGH Shop - Search - Appliances,Blenders,Headline,We Check The Numbers
WGH Shop - Search - Appliances,Blenders,Headline,From GHS 280
WGH Shop - Search - Appliances,Blenders,Headline,Order On WhatsApp Fast
WGH Shop - Search - Appliances,Blenders,Headline,Fast Accra Delivery
WGH Shop - Search - Appliances,Blenders,Headline,Nationwide Courier 2-4 Days
WGH Shop - Search - Appliances,Blenders,Headline,No Payment Before Delivery
WGH Shop - Search - Appliances,Blenders,Headline,"Real Specs, Honest Prices"
WGH Shop - Search - Appliances,Blenders,Headline,Shop Blenders Today
WGH Shop - Search - Appliances,Blenders,Description,Blenders delivered in Accra same day. Inspect it before you pay the rider. Order now.
WGH Shop - Search - Appliances,Blenders,Description,Pay on delivery across Accra and Tema. We check specs before we sell. Genuine and new.
WGH Shop - Search - Appliances,Blenders,Description,"No paying before you see it. The rider brings it, you check it, then you pay. Order today."
WGH Shop - Search - Appliances,Blenders,Description,"Honest prices, real specifications, fast delivery. Message us on WhatsApp to order now."
WGH Shop - Search - Appliances,Kettles,Headline,Electric Kettles in Ghana
WGH Shop - Search - Appliances,Kettles,Headline,Electric Kettles - Pay On Delivery
WGH Shop - Search - Appliances,Kettles,Headline,Buy Electric Kettles in Accra
WGH Shop - Search - Appliances,Kettles,Headline,Same Day Delivery in Accra
WGH Shop - Search - Appliances,Kettles,Headline,Pay The Rider On Delivery
WGH Shop - Search - Appliances,Kettles,Headline,Check It Before You Pay
WGH Shop - Search - Appliances,Kettles,Headline,"Genuine, New, Sealed"
WGH Shop - Search - Appliances,Kettles,Headline,We Check The Numbers
WGH Shop - Search - Appliances,Kettles,Headline,From GHS 110
WGH Shop - Search - Appliances,Kettles,Headline,Order On WhatsApp Fast
WGH Shop - Search - Appliances,Kettles,Headline,Fast Accra Delivery
WGH Shop - Search - Appliances,Kettles,Headline,Nationwide Courier 2-4 Days
WGH Shop - Search - Appliances,Kettles,Headline,No Payment Before Delivery
WGH Shop - Search - Appliances,Kettles,Headline,"Real Specs, Honest Prices"
WGH Shop - Search - Appliances,Kettles,Headline,Shop Electric Kettles Today
WGH Shop - Search - Appliances,Kettles,Description,Electric Kettles delivered in Accra same day. Inspect it before you pay the rider. Order now.
WGH Shop - Search - Appliances,Kettles,Description,Pay on delivery across Accra and Tema. We check specs before we sell. Genuine and new.
WGH Shop - Search - Appliances,Kettles,Description,"No paying before you see it. The rider brings it, you check it, then you pay. Order today."
WGH Shop - Search - Appliances,Kettles,Description,"Honest prices, real specifications, fast delivery. Message us on WhatsApp to order now."
WGH Shop - Search - Appliances,Microwaves,Headline,Microwaves in Ghana
WGH Shop - Search - Appliances,Microwaves,Headline,Microwaves - Pay On Delivery
WGH Shop - Search - Appliances,Microwaves,Headline,Buy Microwaves in Accra
WGH Shop - Search - Appliances,Microwaves,Headline,Same Day Delivery in Accra
WGH Shop - Search - Appliances,Microwaves,Headline,Pay The Rider On Delivery
WGH Shop - Search - Appliances,Microwaves,Headline,Check It Before You Pay
WGH Shop - Search - Appliances,Microwaves,Headline,"Genuine, New, Sealed"
WGH Shop - Search - Appliances,Microwaves,Headline,We Check The Numbers
WGH Shop - Search - Appliances,Microwaves,Headline,Great Prices
WGH Shop - Search - Appliances,Microwaves,Headline,Order On WhatsApp Fast
WGH Shop - Search - Appliances,Microwaves,Headline,Fast Accra Delivery
WGH Shop - Search - Appliances,Microwaves,Headline,Nationwide Courier 2-4 Days
WGH Shop - Search - Appliances,Microwaves,Headline,No Payment Before Delivery
WGH Shop - Search - Appliances,Microwaves,Headline,"Real Specs, Honest Prices"
WGH Shop - Search - Appliances,Microwaves,Headline,Shop Microwaves Today
WGH Shop - Search - Appliances,Microwaves,Description,Microwaves delivered in Accra same day. Inspect it before you pay the rider. Order now.
WGH Shop - Search - Appliances,Microwaves,Description,Pay on delivery across Accra and Tema. We check specs before we sell. Genuine and new.
WGH Shop - Search - Appliances,Microwaves,Description,"No paying before you see it. The rider brings it, you check it, then you pay. Order today."
WGH Shop - Search - Appliances,Microwaves,Description,"Honest prices, real specifications, fast delivery. Message us on WhatsApp to order now."
WGH Shop - Search - Appliances,Rice Cookers,Headline,Rice Cookers in Ghana
WGH Shop - Search - Appliances,Rice Cookers,Headline,Rice Cookers - Pay On Delivery
WGH Shop - Search - Appliances,Rice Cookers,Headline,Buy Rice Cookers in Accra
WGH Shop - Search - Appliances,Rice Cookers,Headline,Same Day Delivery in Accra
WGH Shop - Search - Appliances,Rice Cookers,Headline,Pay The Rider On Delivery
WGH Shop - Search - Appliances,Rice Cookers,Headline,Check It Before You Pay
WGH Shop - Search - Appliances,Rice Cookers,Headline,"Genuine, New, Sealed"
WGH Shop - Search - Appliances,Rice Cookers,Headline,We Check The Numbers
WGH Shop - Search - Appliances,Rice Cookers,Headline,Family Sizes
WGH Shop - Search - Appliances,Rice Cookers,Headline,Order On WhatsApp Fast
WGH Shop - Search - Appliances,Rice Cookers,Headline,Fast Accra Delivery
WGH Shop - Search - Appliances,Rice Cookers,Headline,Nationwide Courier 2-4 Days
WGH Shop - Search - Appliances,Rice Cookers,Headline,No Payment Before Delivery
WGH Shop - Search - Appliances,Rice Cookers,Headline,"Real Specs, Honest Prices"
WGH Shop - Search - Appliances,Rice Cookers,Headline,Shop Rice Cookers Today
WGH Shop - Search - Appliances,Rice Cookers,Description,Rice Cookers delivered in Accra same day. Inspect it before you pay the rider. Order now.
WGH Shop - Search - Appliances,Rice Cookers,Description,Pay on delivery across Accra and Tema. We check specs before we sell. Genuine and new.
WGH Shop - Search - Appliances,Rice Cookers,Description,"No paying before you see it. The rider brings it, you check it, then you pay. Order today."
WGH Shop - Search - Appliances,Rice Cookers,Description,"Honest prices, real specifications, fast delivery. Message us on WhatsApp to order now."
WGH Shop - Search - Appliances,Hot Plates,Headline,Hot Plates in Ghana
WGH Shop - Search - Appliances,Hot Plates,Headline,Hot Plates - Pay On Delivery
WGH Shop - Search - Appliances,Hot Plates,Headline,Buy Hot Plates in Accra
WGH Shop - Search - Appliances,Hot Plates,Headline,Same Day Delivery in Accra
WGH Shop - Search - Appliances,Hot Plates,Headline,Pay The Rider On Delivery
WGH Shop - Search - Appliances,Hot Plates,Headline,Check It Before You Pay
WGH Shop - Search - Appliances,Hot Plates,Headline,"Genuine, New, Sealed"
WGH Shop - Search - Appliances,Hot Plates,Headline,We Check The Numbers
WGH Shop - Search - Appliances,Hot Plates,Headline,From GHS 320
WGH Shop - Search - Appliances,Hot Plates,Headline,Order On WhatsApp Fast
WGH Shop - Search - Appliances,Hot Plates,Headline,Fast Accra Delivery
WGH Shop - Search - Appliances,Hot Plates,Headline,Nationwide Courier 2-4 Days
WGH Shop - Search - Appliances,Hot Plates,Headline,No Payment Before Delivery
WGH Shop - Search - Appliances,Hot Plates,Headline,"Real Specs, Honest Prices"
WGH Shop - Search - Appliances,Hot Plates,Headline,Shop Hot Plates Today
WGH Shop - Search - Appliances,Hot Plates,Description,Hot Plates delivered in Accra same day. Inspect it before you pay the rider. Order now.
WGH Shop - Search - Appliances,Hot Plates,Description,Pay on delivery across Accra and Tema. We check specs before we sell. Genuine and new.
WGH Shop - Search - Appliances,Hot Plates,Description,"No paying before you see it. The rider brings it, you check it, then you pay. Order today."
WGH Shop - Search - Appliances,Hot Plates,Description,"Honest prices, real specifications, fast delivery. Message us on WhatsApp to order now."
WGH Shop - Search - Appliances,Power Banks,Headline,Power Banks in Ghana
WGH Shop - Search - Appliances,Power Banks,Headline,Power Banks - Pay On Delivery
WGH Shop - Search - Appliances,Power Banks,Headline,Buy Power Banks in Accra
WGH Shop - Search - Appliances,Power Banks,Headline,Same Day Delivery in Accra
WGH Shop - Search - Appliances,Power Banks,Headline,Pay The Rider On Delivery
WGH Shop - Search - Appliances,Power Banks,Headline,Check It Before You Pay
WGH Shop - Search - Appliances,Power Banks,Headline,"Genuine, New, Sealed"
WGH Shop - Search - Appliances,Power Banks,Headline,We Check The Numbers
WGH Shop - Search - Appliances,Power Banks,Headline,Real Capacity
WGH Shop - Search - Appliances,Power Banks,Headline,Order On WhatsApp Fast
WGH Shop - Search - Appliances,Power Banks,Headline,Fast Accra Delivery
WGH Shop - Search - Appliances,Power Banks,Headline,Nationwide Courier 2-4 Days
WGH Shop - Search - Appliances,Power Banks,Headline,No Payment Before Delivery
WGH Shop - Search - Appliances,Power Banks,Headline,"Real Specs, Honest Prices"
WGH Shop - Search - Appliances,Power Banks,Headline,Shop Power Banks Today
WGH Shop - Search - Appliances,Power Banks,Description,Power Banks delivered in Accra same day. Inspect it before you pay the rider. Order now.
WGH Shop - Search - Appliances,Power Banks,Description,Pay on delivery across Accra and Tema. We check specs before we sell. Genuine and new.
WGH Shop - Search - Appliances,Power Banks,Description,"No paying before you see it. The rider brings it, you check it, then you pay. Order today."
WGH Shop - Search - Appliances,Power Banks,Description,"Honest prices, real specifications, fast delivery. Message us on WhatsApp to order now."
WGH Shop - Search - Appliances,Earbuds,Headline,Wireless Earbuds in Ghana
WGH Shop - Search - Appliances,Earbuds,Headline,Wireless Earbuds - Pay On Delivery
WGH Shop - Search - Appliances,Earbuds,Headline,Buy Wireless Earbuds in Accra
WGH Shop - Search - Appliances,Earbuds,Headline,Same Day Delivery in Accra
WGH Shop - Search - Appliances,Earbuds,Headline,Pay The Rider On Delivery
WGH Shop - Search - Appliances,Earbuds,Headline,Check It Before You Pay
WGH Shop - Search - Appliances,Earbuds,Headline,"Genuine, New, Sealed"
WGH Shop - Search - Appliances,Earbuds,Headline,We Check The Numbers
WGH Shop - Search - Appliances,Earbuds,Headline,Great Sound
WGH Shop - Search - Appliances,Earbuds,Headline,Order On WhatsApp Fast
WGH Shop - Search - Appliances,Earbuds,Headline,Fast Accra Delivery
WGH Shop - Search - Appliances,Earbuds,Headline,Nationwide Courier 2-4 Days
WGH Shop - Search - Appliances,Earbuds,Headline,No Payment Before Delivery
WGH Shop - Search - Appliances,Earbuds,Headline,"Real Specs, Honest Prices"
WGH Shop - Search - Appliances,Earbuds,Headline,Shop Wireless Earbuds Today
WGH Shop - Search - Appliances,Earbuds,Description,Wireless Earbuds delivered in Accra same day. Inspect it before you pay the rider. Order now.
WGH Shop - Search - Appliances,Earbuds,Description,Pay on delivery across Accra and Tema. We check specs before we sell. Genuine and new.
WGH Shop - Search - Appliances,Earbuds,Description,"No paying before you see it. The rider brings it, you check it, then you pay. Order today."
WGH Shop - Search - Appliances,Earbuds,Description,"Honest prices, real specifications, fast delivery. Message us on WhatsApp to order now."
WGH Shop - Search - Appliances,Bluetooth Speakers,Headline,Bluetooth Speakers in Ghana
WGH Shop - Search - Appliances,Bluetooth Speakers,Headline,Bluetooth Speakers - Pay On Delivery
WGH Shop - Search - Appliances,Bluetooth Speakers,Headline,Buy Bluetooth Speakers in Accra
WGH Shop - Search - Appliances,Bluetooth Speakers,Headline,Same Day Delivery in Accra
WGH Shop - Search - Appliances,Bluetooth Speakers,Headline,Pay The Rider On Delivery
WGH Shop - Search - Appliances,Bluetooth Speakers,Headline,Check It Before You Pay
WGH Shop - Search - Appliances,Bluetooth Speakers,Headline,"Genuine, New, Sealed"
WGH Shop - Search - Appliances,Bluetooth Speakers,Headline,We Check The Numbers
WGH Shop - Search - Appliances,Bluetooth Speakers,Headline,Loud & Clear
WGH Shop - Search - Appliances,Bluetooth Speakers,Headline,Order On WhatsApp Fast
WGH Shop - Search - Appliances,Bluetooth Speakers,Headline,Fast Accra Delivery
WGH Shop - Search - Appliances,Bluetooth Speakers,Headline,Nationwide Courier 2-4 Days
WGH Shop - Search - Appliances,Bluetooth Speakers,Headline,No Payment Before Delivery
WGH Shop - Search - Appliances,Bluetooth Speakers,Headline,"Real Specs, Honest Prices"
WGH Shop - Search - Appliances,Bluetooth Speakers,Headline,Shop Bluetooth Speakers Today
WGH Shop - Search - Appliances,Bluetooth Speakers,Description,Bluetooth Speakers delivered in Accra same day. Inspect it before you pay the rider. Order now.
WGH Shop - Search - Appliances,Bluetooth Speakers,Description,Pay on delivery across Accra and Tema. We check specs before we sell. Genuine and new.
WGH Shop - Search - Appliances,Bluetooth Speakers,Description,"No paying before you see it. The rider brings it, you check it, then you pay. Order today."
WGH Shop - Search - Appliances,Bluetooth Speakers,Description,"Honest prices, real specifications, fast delivery. Message us on WhatsApp to order now."
WGH Shop - Search - Appliances,Irons,Headline,Pressing Irons in Ghana
WGH Shop - Search - Appliances,Irons,Headline,Pressing Irons - Pay On Delivery
WGH Shop - Search - Appliances,Irons,Headline,Buy Pressing Irons in Accra
WGH Shop - Search - Appliances,Irons,Headline,Same Day Delivery in Accra
WGH Shop - Search - Appliances,Irons,Headline,Pay The Rider On Delivery
WGH Shop - Search - Appliances,Irons,Headline,Check It Before You Pay
WGH Shop - Search - Appliances,Irons,Headline,"Genuine, New, Sealed"
WGH Shop - Search - Appliances,Irons,Headline,We Check The Numbers
WGH Shop - Search - Appliances,Irons,Headline,From GHS 150
WGH Shop - Search - Appliances,Irons,Headline,Order On WhatsApp Fast
WGH Shop - Search - Appliances,Irons,Headline,Fast Accra Delivery
WGH Shop - Search - Appliances,Irons,Headline,Nationwide Courier 2-4 Days
WGH Shop - Search - Appliances,Irons,Headline,No Payment Before Delivery
WGH Shop - Search - Appliances,Irons,Headline,"Real Specs, Honest Prices"
WGH Shop - Search - Appliances,Irons,Headline,Shop Pressing Irons Today
WGH Shop - Search - Appliances,Irons,Description,Pressing Irons delivered in Accra same day. Inspect it before you pay the rider. Order now.
WGH Shop - Search - Appliances,Irons,Description,Pay on delivery across Accra and Tema. We check specs before we sell. Genuine and new.
WGH Shop - Search - Appliances,Irons,Description,"No paying before you see it. The rider brings it, you check it, then you pay. Order today."
WGH Shop - Search - Appliances,Irons,Description,"Honest prices, real specifications, fast delivery. Message us on WhatsApp to order now."
WGH Shop - Search - Appliances,Fans,Headline,Rechargeable Fans in Ghana
WGH Shop - Search - Appliances,Fans,Headline,Rechargeable Fans - Pay On Delivery
WGH Shop - Search - Appliances,Fans,Headline,Buy Rechargeable Fans in Accra
WGH Shop - Search - Appliances,Fans,Headline,Same Day Delivery in Accra
WGH Shop - Search - Appliances,Fans,Headline,Pay The Rider On Delivery
WGH Shop - Search - Appliances,Fans,Headline,Check It Before You Pay
WGH Shop - Search - Appliances,Fans,Headline,"Genuine, New, Sealed"
WGH Shop - Search - Appliances,Fans,Headline,We Check The Numbers
WGH Shop - Search - Appliances,Fans,Headline,Light-Off Ready
WGH Shop - Search - Appliances,Fans,Headline,Order On WhatsApp Fast
WGH Shop - Search - Appliances,Fans,Headline,Fast Accra Delivery
WGH Shop - Search - Appliances,Fans,Headline,Nationwide Courier 2-4 Days
WGH Shop - Search - Appliances,Fans,Headline,No Payment Before Delivery
WGH Shop - Search - Appliances,Fans,Headline,"Real Specs, Honest Prices"
WGH Shop - Search - Appliances,Fans,Headline,Shop Rechargeable Fans Today
WGH Shop - Search - Appliances,Fans,Description,Rechargeable Fans delivered in Accra same day. Inspect it before you pay the rider. Order now.
WGH Shop - Search - Appliances,Fans,Description,Pay on delivery across Accra and Tema. We check specs before we sell. Genuine and new.
WGH Shop - Search - Appliances,Fans,Description,"No paying before you see it. The rider brings it, you check it, then you pay. Order today."
WGH Shop - Search - Appliances,Fans,Description,"Honest prices, real specifications, fast delivery. Message us on WhatsApp to order now."
WGH Shop - Search - Appliances,Rechargeable Lamps,Headline,Rechargeable Lamps in Ghana
WGH Shop - Search - Appliances,Rechargeable Lamps,Headline,Rechargeable Lamps - Pay On Delivery
WGH Shop - Search - Appliances,Rechargeable Lamps,Headline,Buy Rechargeable Lamps in Accra
WGH Shop - Search - Appliances,Rechargeable Lamps,Headline,Same Day Delivery in Accra
WGH Shop - Search - Appliances,Rechargeable Lamps,Headline,Pay The Rider On Delivery
WGH Shop - Search - Appliances,Rechargeable Lamps,Headline,Check It Before You Pay
WGH Shop - Search - Appliances,Rechargeable Lamps,Headline,"Genuine, New, Sealed"
WGH Shop - Search - Appliances,Rechargeable Lamps,Headline,We Check The Numbers
WGH Shop - Search - Appliances,Rechargeable Lamps,Headline,Light-Off Ready
WGH Shop - Search - Appliances,Rechargeable Lamps,Headline,Order On WhatsApp Fast
WGH Shop - Search - Appliances,Rechargeable Lamps,Headline,Fast Accra Delivery
WGH Shop - Search - Appliances,Rechargeable Lamps,Headline,Nationwide Courier 2-4 Days
WGH Shop - Search - Appliances,Rechargeable Lamps,Headline,No Payment Before Delivery
WGH Shop - Search - Appliances,Rechargeable Lamps,Headline,"Real Specs, Honest Prices"
WGH Shop - Search - Appliances,Rechargeable Lamps,Headline,Shop Rechargeable Lamps Today
WGH Shop - Search - Appliances,Rechargeable Lamps,Description,Rechargeable Lamps delivered in Accra same day. Inspect it before you pay the rider. Order now.
WGH Shop - Search - Appliances,Rechargeable Lamps,Description,Pay on delivery across Accra and Tema. We check specs before we sell. Genuine and new.
WGH Shop - Search - Appliances,Rechargeable Lamps,Description,"No paying before you see it. The rider brings it, you check it, then you pay. Order today."
WGH Shop - Search - Appliances,Rechargeable Lamps,Description,"Honest prices, real specifications, fast delivery. Message us on WhatsApp to order now."
WGH Shop - Search - Appliances,School Bags,Headline,School Bags in Ghana
WGH Shop - Search - Appliances,School Bags,Headline,School Bags - Pay On Delivery
WGH Shop - Search - Appliances,School Bags,Headline,Buy School Bags in Accra
WGH Shop - Search - Appliances,School Bags,Headline,Same Day Delivery in Accra
WGH Shop - Search - Appliances,School Bags,Headline,Pay The Rider On Delivery
WGH Shop - Search - Appliances,School Bags,Headline,Check It Before You Pay
WGH Shop - Search - Appliances,School Bags,Headline,"Genuine, New, Sealed"
WGH Shop - Search - Appliances,School Bags,Headline,We Check The Numbers
WGH Shop - Search - Appliances,School Bags,Headline,Before School Opens
WGH Shop - Search - Appliances,School Bags,Headline,Order On WhatsApp Fast
WGH Shop - Search - Appliances,School Bags,Headline,Fast Accra Delivery
WGH Shop - Search - Appliances,School Bags,Headline,Nationwide Courier 2-4 Days
WGH Shop - Search - Appliances,School Bags,Headline,No Payment Before Delivery
WGH Shop - Search - Appliances,School Bags,Headline,"Real Specs, Honest Prices"
WGH Shop - Search - Appliances,School Bags,Headline,Shop School Bags Today
WGH Shop - Search - Appliances,School Bags,Description,School Bags delivered in Accra same day. Inspect it before you pay the rider. Order now.
WGH Shop - Search - Appliances,School Bags,Description,Pay on delivery across Accra and Tema. We check specs before we sell. Genuine and new.
WGH Shop - Search - Appliances,School Bags,Description,"No paying before you see it. The rider brings it, you check it, then you pay. Order today."
WGH Shop - Search - Appliances,School Bags,Description,"Honest prices, real specifications, fast delivery. Message us on WhatsApp to order now."
WGH Shop - Search - Appliances,Hair Clippers,Headline,Hair Clippers in Ghana
WGH Shop - Search - Appliances,Hair Clippers,Headline,Hair Clippers - Pay On Delivery
WGH Shop - Search - Appliances,Hair Clippers,Headline,Buy Hair Clippers in Accra
WGH Shop - Search - Appliances,Hair Clippers,Headline,Same Day Delivery in Accra
WGH Shop - Search - Appliances,Hair Clippers,Headline,Pay The Rider On Delivery
WGH Shop - Search - Appliances,Hair Clippers,Headline,Check It Before You Pay
WGH Shop - Search - Appliances,Hair Clippers,Headline,"Genuine, New, Sealed"
WGH Shop - Search - Appliances,Hair Clippers,Headline,We Check The Numbers
WGH Shop - Search - Appliances,Hair Clippers,Headline,Sharp & Durable
WGH Shop - Search - Appliances,Hair Clippers,Headline,Order On WhatsApp Fast
WGH Shop - Search - Appliances,Hair Clippers,Headline,Fast Accra Delivery
WGH Shop - Search - Appliances,Hair Clippers,Headline,Nationwide Courier 2-4 Days
WGH Shop - Search - Appliances,Hair Clippers,Headline,No Payment Before Delivery
WGH Shop - Search - Appliances,Hair Clippers,Headline,"Real Specs, Honest Prices"
WGH Shop - Search - Appliances,Hair Clippers,Headline,Shop Hair Clippers Today
WGH Shop - Search - Appliances,Hair Clippers,Description,Hair Clippers delivered in Accra same day. Inspect it before you pay the rider. Order now.
WGH Shop - Search - Appliances,Hair Clippers,Description,Pay on delivery across Accra and Tema. We check specs before we sell. Genuine and new.
WGH Shop - Search - Appliances,Hair Clippers,Description,"No paying before you see it. The rider brings it, you check it, then you pay. Order today."
WGH Shop - Search - Appliances,Hair Clippers,Description,"Honest prices, real specifications, fast delivery. Message us on WhatsApp to order now."
WGH Shop - Search - Appliances,Hair Dryers,Headline,Hair Dryers in Ghana
WGH Shop - Search - Appliances,Hair Dryers,Headline,Hair Dryers - Pay On Delivery
WGH Shop - Search - Appliances,Hair Dryers,Headline,Buy Hair Dryers in Accra
WGH Shop - Search - Appliances,Hair Dryers,Headline,Same Day Delivery in Accra
WGH Shop - Search - Appliances,Hair Dryers,Headline,Pay The Rider On Delivery
WGH Shop - Search - Appliances,Hair Dryers,Headline,Check It Before You Pay
WGH Shop - Search - Appliances,Hair Dryers,Headline,"Genuine, New, Sealed"
WGH Shop - Search - Appliances,Hair Dryers,Headline,We Check The Numbers
WGH Shop - Search - Appliances,Hair Dryers,Headline,Salon Quality
WGH Shop - Search - Appliances,Hair Dryers,Headline,Order On WhatsApp Fast
WGH Shop - Search - Appliances,Hair Dryers,Headline,Fast Accra Delivery
WGH Shop - Search - Appliances,Hair Dryers,Headline,Nationwide Courier 2-4 Days
WGH Shop - Search - Appliances,Hair Dryers,Headline,No Payment Before Delivery
WGH Shop - Search - Appliances,Hair Dryers,Headline,"Real Specs, Honest Prices"
WGH Shop - Search - Appliances,Hair Dryers,Headline,Shop Hair Dryers Today
WGH Shop - Search - Appliances,Hair Dryers,Description,Hair Dryers delivered in Accra same day. Inspect it before you pay the rider. Order now.
WGH Shop - Search - Appliances,Hair Dryers,Description,Pay on delivery across Accra and Tema. We check specs before we sell. Genuine and new.
WGH Shop - Search - Appliances,Hair Dryers,Description,"No paying before you see it. The rider brings it, you check it, then you pay. Order today."
WGH Shop - Search - Appliances,Hair Dryers,Description,"Honest prices, real specifications, fast delivery. Message us on WhatsApp to order now."
